"Priority","ID","Pattern_ID","Conditions","Impact","Classification","WCAG_SC","WCAG_Level","WCAG_Name","Suggested_Issue_Tags","Rule_ID","Pages_Affected","Pct_Pages","Is_Template_Issue","Summary","Selector","Likely_Template","Drupal_File","Expected","Actual","Suggested_Fix","Drupal_Issue","Axe_URL","Instance_IDs","Affected_Page_Paths"
"1","DRUPAL-A11Y-001","DRU-58ED44E2","admin-accent-dark_purple::dark::desktop | admin-accent-green::dark::desktop | admin-accent-light_blue::dark::desktop | admin-accent-neutral::dark::desktop | admin-accent-orange::dark::desktop | admin-accent-pink::dark::desktop | admin-accent-purple::dark::desktop | admin-accent-red::dark::desktop | admin-accent-teal::dark::desktop | admin-accent-yellow::dark::desktop | admin-dark::dark::desktop | admin-dark::dark::mobile | admin-dark::dark::mobile-landscape | admin-dark::dark::tablet","serious","WCAG failure","1.4.3","AA","Contrast (Minimum)","Accessibility, wcag143","color-contrast","48","4%","YES","color-contrast: Ensure the contrast between foreground and background colors meets WCAG 2 AA min","label[for=""edit-preferred-theme""]","unknown","See likely_template above","","","Check foreground/background color combinations. Ensure ratio ≥ 4.5:1 for normal text, ≥ 3:1 for large text (18pt or 14pt bold). Update the relevant CSS file.","","https://dequeuniversity.com/rules/axe/4.11/color-contrast?application=playwright","INS-4CE96C73; INS-BEBAEE99; INS-3109739F; INS-D97EA76E; INS-DAFA4C86; INS-3B4D82ED; INS-75A47865; INS-22C1311B; INS-78685421; INS-F7CC39E0; INS-23C49404; INS-7CD18366; INS-EADCB329; INS-44FCACE8; INS-5FABFE21; INS-FF0BE7E6; INS-35918395; INS-21DF06EB; INS-BC4411B5; INS-3BBD9BD5; INS-ADA0B8D0; INS-F5A01E7F; INS-11AA2F29; INS-6F0D2701; INS-97139980; INS-7C442FA9; INS-C7DA2EDF; INS-573985F2; INS-0D4F785F; INS-E4B2C2C3; INS-CBDBD996; INS-80E41BD7; INS-D483E40C; INS-55D3ED9F; INS-DE493395; INS-AFA1FF8E; INS-55CD26C0; INS-AD5CEC11; INS-2221869E; INS-7508A508; INS-E58A96AF; INS-D056F298; INS-1762ABFD; INS-7B4832F5; INS-AF3434F9; INS-A78E5F57; INS-BB3A11EC; INS-687A7BCD","/admin/config/content/formats/manage/restricted_html; /admin/config/system/site-information; /admin/form_style; /admin/modules; /admin/people; /admin/structure/display-modes/form/add/contact_message; /admin/structure/taxonomy/add; /admin/structure/taxonomy; /admin/structure/types/add; /admin/structure/types/manage/test_type/display/default; /autocomplete; /buttons; /contact/checkbox_radio; /contact/field_cardinality_test; /contact/imagefile_file; /contact/imagefile_image; /contact/presuf_number; /contact/presuf_number; /contact/presuf_number; /contact/presuf_number; /contact/presuf_text; /contact/presuf_text; /contact/presuf_text; /contact/select; /contact/select; /contact/select; /contact/select; /contact/textarea; /contact/textarea; /contact/textform; /contact/textform; /contact/textform; /dropbutton; /fieldset; /node/add/article; /node/add/cd; /node/add/cd; /node/add/cd; /node/add/cd; /node/add/page; /password; /password; /password; /password; /progress; /progress; /progress; /user/[id]/edit"
"2","DRUPAL-A11Y-002","DRU-6CBB7080","admin-dark::dark::mobile | admin-dark::dark::mobile-landscape | admin-dark::dark::tablet","serious","WCAG failure","1.4.3","AA","Contrast (Minimum)","Accessibility, wcag143","color-contrast","42","3%","YES","color-contrast: Ensure the contrast between foreground and background colors meets WCAG 2 AA min",".toolbar-button--icon--burger > .toolbar-button__label[data-toolbar-text=""""]","toolbar (admin theme)","See likely_template above","","","Check foreground/background color combinations. Ensure ratio ≥ 4.5:1 for normal text, ≥ 3:1 for large text (18pt or 14pt bold). Update the relevant CSS file.","","https://dequeuniversity.com/rules/axe/4.11/color-contrast?application=playwright","INS-FFDD0E70; INS-E54F6082; INS-C5421747; INS-EC98A7D5; INS-04BA395A; INS-8286C33E; INS-12818A09; INS-C88690BA; INS-E3E94319; INS-78C18018; INS-3AE5172D; INS-618FD992; INS-6711F306; INS-3571B450; INS-872A8F0E; INS-6A646C89; INS-F728B786; INS-C58F62BB; INS-96EDC993; INS-30E173A0; INS-500ABEB0; INS-5232EDDC; INS-98A284FF; INS-B1C146E1; INS-7271A15D; INS-E983A00E; INS-41091976; INS-ACFD8B9E; INS-6A93400B; INS-75BDDBD6; INS-07905855; INS-441EC7C7; INS-50CC7E7F; INS-2EAB1F56; INS-928DAAF2; INS-B423E138; INS-6DC269C7; INS-643AF3EF; INS-4FABE1C2; INS-EA05BDEC; INS-A10A3B05; INS-D199E667","/cd-navigation/config; /cd-navigation/config; /cd-navigation/config; /contact/presuf_number; /contact/presuf_number; /contact/presuf_number; /contact/presuf_text; /contact/presuf_text; /contact/presuf_text; /contact/select; /contact/select; /contact/select; /contact/textarea; /contact/textarea; /contact/textarea; /contact/textform; /contact/textform; /contact/textform; /message; /message; /message; /node/add/cd; /node/add/cd; /node/add/cd; /password; /password; /password; /progress; /progress; /progress; /table; /table; /table; /tabledrag; /tabledrag; /tabledrag; /tabs/format/plain_text; /tabs/format/plain_text; /tabs/format/plain_text; /tabs; /tabs; /tabs"
"3","DRUPAL-A11Y-003","DRU-D62C6EC9","admin-accent-yellow::light::desktop | claro::light::desktop | claro::light::mobile | claro::light::mobile-landscape | claro::light::tablet | admin-accent-dark_purple::dark::desktop | admin-accent-green::dark::desktop | admin-accent-light_blue::dark::desktop | admin-accent-neutral::dark::desktop | admin-accent-orange::dark::desktop | admin-accent-pink::dark::desktop | admin-accent-purple::dark::desktop | admin-accent-red::dark::desktop | admin-accent-teal::dark::desktop | admin-accent-yellow::dark::desktop | admin-dark::dark::desktop | admin-dark::dark::mobile | admin-dark::dark::mobile-landscape | admin-dark::dark::tablet","serious","WCAG failure","1.4.3","AA","Contrast (Minimum)","Accessibility, wcag143","color-contrast","48","4%","YES","color-contrast: Ensure the contrast between foreground and background colors meets WCAG 2 AA min","#edit-submit","unknown","See likely_template above","","","Check foreground/background color combinations. Ensure ratio ≥ 4.5:1 for normal text, ≥ 3:1 for large text (18pt or 14pt bold). Update the relevant CSS file.","","https://dequeuniversity.com/rules/axe/4.11/color-contrast?application=playwright","INS-A67A9E01; INS-2DF92ABB; INS-82415EDA; INS-F33227D7; INS-B288F0B1; INS-1334BD3E; INS-A3DBD29E; INS-B42CAB9D; INS-9CAC7E38; INS-8015E63B; INS-4EDFD1F0; INS-A3C4D63C; INS-595B7F04; INS-91E640A5; INS-F9F14A29; INS-A623258F; INS-AAE2831D; INS-2594210C; INS-8635FB56; INS-05EED564; INS-2D453C92; INS-AFABD6E7; INS-9E9E3A6E; INS-15C0E33F; INS-C30763AC; INS-E9B64E07; INS-AB65FFAB; INS-8F398DC9; INS-F9D51E91; INS-F80C06CB; INS-9068814C; INS-1FAEE9D4; INS-85757E9F; INS-3578DF3A; INS-95B3E936; INS-ED6D9F62; INS-7AAA5554; INS-F4363A69; INS-D4BF418F; INS-3CAD5090; INS-6BADCABE; INS-2FBAFC31; INS-E6EB8026; INS-201A9AED; INS-3122B3D0; INS-2E2457E9; INS-7CA7C012; INS-213AC9AF","/admin/appearance; /admin/config/content/formats; /admin/config/system/site-information; /admin/content; /admin/content; /admin/content; /admin/content; /admin/form_style; /admin/modules; /admin/people; /admin/people; /admin/people; /admin/people; /admin/structure/block; /admin/structure/display-modes/form/add/contact_message; /admin/structure/taxonomy/add; /admin/structure/taxonomy; /admin/structure/types/add; /admin/structure/types/manage/test_type/display/default; /autocomplete; /buttons; /contact/checkbox_radio; /contact/field_cardinality_test; /contact/imagefile_file; /contact/imagefile_image; /contact/presuf_formatted; /contact/presuf_number; /contact/presuf_text; /contact/select; /contact/textarea; /contact/textform; /fieldset; /node/add/article; /node/add/cd; /node/add/page; /password; /progress; /table; /tabledrag; /user/[id]/edit; /buttons; /table; /table; /table; /table; /admin/structure/types/add; /buttons; /buttons"
"4","DRUPAL-A11Y-004","DRU-5CF2AC9D","admin-accent-dark_purple::dark::desktop | admin-accent-green::dark::desktop | admin-accent-light_blue::dark::desktop | admin-accent-neutral::dark::desktop | admin-accent-orange::dark::desktop | admin-accent-pink::dark::desktop | admin-accent-purple::dark::desktop | admin-accent-red::dark::desktop | admin-accent-teal::dark::desktop | admin-accent-yellow::dark::desktop | admin-dark::dark::desktop","serious","WCAG failure","1.4.3","AA","Contrast (Minimum)","Accessibility, wcag143","color-contrast","29","2%","YES","color-contrast: Ensure the contrast between foreground and background colors meets WCAG 2 AA min",".toolbar-button--icon--theming-tools-dashboard > .toolbar-button__label[data-toolbar-text=""""]","toolbar (admin theme)","See likely_template above","","","Check foreground/background color combinations. Ensure ratio ≥ 4.5:1 for normal text, ≥ 3:1 for large text (18pt or 14pt bold). Update the relevant CSS file.","","https://dequeuniversity.com/rules/axe/4.11/color-contrast?application=playwright","INS-D05074CE; INS-E4A9005C; INS-C881A93E; INS-C25B7E16; INS-5957890F; INS-1A4B3186; INS-4B0BACFB; INS-AAC1D123; INS-4D3B59A3; INS-23334D2C; INS-5C83144F; INS-172624D6; INS-E48F388E; INS-B8323DC0; INS-34EB71C1; INS-5133A9AB; INS-29524F72; INS-E3FC59C7; INS-5FEDA3FB; INS-C1CAAF43; INS-A16F4FEB; INS-5C2ACA16; INS-F4062807; INS-82F2E69B; INS-74AEE6F5; INS-31BDD588; INS-57928335; INS-20ACCFCA; INS-3DCA4105","/admin/appearance; /admin/config/system/site-information; /admin/content; /admin/structure/display-modes/form/add/contact_message; /admin/structure/types/manage/test_type/display/default; /autocomplete; /buttons; /cd-navigation/config; /contact/checkbox_radio; /contact/field_cardinality_test; /contact/imagefile_file; /contact/imagefile_image; /contact/presuf_formatted; /contact/presuf_number; /contact/presuf_text; /contact/select; /contact/textarea; /contact/textform; /dialog; /dropbutton; /fieldset; /message; /node/add/cd; /password; /progress; /table; /tabledrag; /tabs/format/plain_text; /tabs"
"5","DRUPAL-A11Y-005","DRU-850DCDEB","admin-accent-dark_purple::dark::desktop | admin-accent-green::dark::desktop | admin-accent-light_blue::dark::desktop | admin-accent-neutral::dark::desktop | admin-accent-orange::dark::desktop | admin-accent-pink::dark::desktop | admin-accent-purple::dark::desktop | admin-accent-red::dark::desktop | admin-accent-teal::dark::desktop | admin-accent-yellow::dark::desktop | admin-dark::dark::desktop | admin-dark::dark::mobile | admin-dark::dark::mobile-landscape | admin-dark::dark::tablet","serious","WCAG failure","1.4.3","AA","Contrast (Minimum)","Accessibility, wcag143","color-contrast","26","2%","YES","color-contrast: Ensure the contrast between foreground and background colors meets WCAG 2 AA min","label","unknown","See likely_template above","","","Check foreground/background color combinations. Ensure ratio ≥ 4.5:1 for normal text, ≥ 3:1 for large text (18pt or 14pt bold). Update the relevant CSS file.","","https://dequeuniversity.com/rules/axe/4.11/color-contrast?application=playwright","INS-DA8536C0; INS-2E6E5277; INS-963A6B1C; INS-A1E49634; INS-2727AE27; INS-79261CE7; INS-97640BF9; INS-B6EBA962; INS-C7F392BD; INS-B9A69863; INS-6EC724FB; INS-A739D8F3; INS-12C55ECB; INS-55E847C8; INS-35EB9EBF; INS-95273731; INS-AB2A3508; INS-BB161EB8; INS-345C0C51; INS-06E5AE21; INS-A3BA463A; INS-1B7B35A4; INS-8B209364; INS-38F7C2DE; INS-19FC665A; INS-7B242CAB","/admin/config; /admin/reports; /admin/structure/types; /admin/structure; /admin; /cd-navigation/config; /cd-navigation/config; /cd-navigation/config; /cd-navigation/config; /dialog; /message; /message; /message; /message; /tabs/format/plain_text; /tabs/format/plain_text; /tabs/format/plain_text; /tabs/format/plain_text; /tabs; /tabs; /tabs; /tabs; /this-page-does-not-exist; /this-page-does-not-exist; /this-page-does-not-exist; /this-page-does-not-exist"
"6","DRUPAL-A11Y-006","DRU-1296E451","admin-accent-yellow::light::desktop","serious","WCAG failure","1.4.3","AA","Contrast (Minimum)","Accessibility, wcag143","color-contrast","5","0%","YES","color-contrast: Ensure the contrast between foreground and background colors meets WCAG 2 AA min",".button--action","unknown","See likely_template above","","","Check foreground/background color combinations. Ensure ratio ≥ 4.5:1 for normal text, ≥ 3:1 for large text (18pt or 14pt bold). Update the relevant CSS file.","","https://dequeuniversity.com/rules/axe/4.11/color-contrast?application=playwright","INS-C6EB3D6D; INS-3B67D91D; INS-230DF573; INS-903DECEC; INS-650E20AF","/admin/config/content/formats; /admin/content; /admin/people; /admin/structure/taxonomy; /admin/structure/types"
"7","DRUPAL-A11Y-007","DRU-F4687B6D","admin-accent-dark_purple::dark::desktop | admin-accent-dark_purple::light::desktop | admin-accent-green::dark::desktop | admin-accent-green::light::desktop | admin-accent-light_blue::dark::desktop | admin-accent-light_blue::light::desktop | admin-accent-neutral::dark::desktop | admin-accent-orange::dark::desktop | admin-accent-orange::light::desktop | admin-accent-pink::dark::desktop | admin-accent-pink::light::desktop | admin-accent-purple::dark::desktop | admin-accent-red::dark::desktop | admin-accent-red::light::desktop | admin-accent-teal::dark::desktop | admin-accent-teal::light::desktop | admin-accent-yellow::dark::desktop | admin-accent-yellow::light::desktop | admin::light::desktop | admin::light::mobile | admin::light::mobile-landscape | admin::light::tablet","serious","WCAG failure","1.4.3","AA","Contrast (Minimum)","Accessibility, wcag143","color-contrast","4","0%","YES","color-contrast: Ensure the contrast between foreground and background colors meets WCAG 2 AA min","summary","unknown","See likely_template above","","","Check foreground/background color combinations. Ensure ratio ≥ 4.5:1 for normal text, ≥ 3:1 for large text (18pt or 14pt bold). Update the relevant CSS file.","","https://dequeuniversity.com/rules/axe/4.11/color-contrast?application=playwright","INS-D5ED5CE3; INS-6F74B1DE; INS-3A4B92C9; INS-3093923A","/admin/people; /admin/people; /admin/people; /admin/people"
"8","DRUPAL-A11Y-008","DRU-E5B556BF","admin-accent-dark_purple::dark::desktop | admin-accent-dark_purple::light::desktop | admin-accent-green::dark::desktop | admin-accent-green::light::desktop | admin-accent-light_blue::dark::desktop | admin-accent-light_blue::light::desktop | admin-accent-neutral::dark::desktop | admin-accent-orange::dark::desktop | admin-accent-orange::light::desktop | admin-accent-pink::dark::desktop | admin-accent-pink::light::desktop | admin-accent-purple::dark::desktop | admin-accent-red::dark::desktop | admin-accent-red::light::desktop | admin-accent-teal::dark::desktop | admin-accent-teal::light::desktop | admin-accent-yellow::dark::desktop | admin-accent-yellow::light::desktop | admin::light::desktop | admin::light::mobile | admin::light::mobile-landscape | admin::light::tablet","serious","WCAG failure","1.4.3","AA","Contrast (Minimum)","Accessibility, wcag143","color-contrast","4","0%","YES","color-contrast: Ensure the contrast between foreground and background colors meets WCAG 2 AA min","summary > em:nth-child(1)","unknown","See likely_template above","","","Check foreground/background color combinations. Ensure ratio ≥ 4.5:1 for normal text, ≥ 3:1 for large text (18pt or 14pt bold). Update the relevant CSS file.","","https://dequeuniversity.com/rules/axe/4.11/color-contrast?application=playwright","INS-605CFBC6; INS-C354186E; INS-0D30274C; INS-665BA162","/admin/people; /admin/people; /admin/people; /admin/people"
"9","DRUPAL-A11Y-009","DRU-E34F9E45","admin-accent-dark_purple::dark::desktop | admin-accent-dark_purple::light::desktop | admin-accent-green::dark::desktop | admin-accent-green::light::desktop | admin-accent-light_blue::dark::desktop | admin-accent-light_blue::light::desktop | admin-accent-neutral::dark::desktop | admin-accent-orange::dark::desktop | admin-accent-orange::light::desktop | admin-accent-pink::dark::desktop | admin-accent-pink::light::desktop | admin-accent-purple::dark::desktop | admin-accent-red::dark::desktop | admin-accent-red::light::desktop | admin-accent-teal::dark::desktop | admin-accent-teal::light::desktop | admin-accent-yellow::dark::desktop | admin-accent-yellow::light::desktop | admin::light::desktop | admin::light::mobile | admin::light::mobile-landscape | admin::light::tablet","serious","WCAG failure","1.4.3","AA","Contrast (Minimum)","Accessibility, wcag143","color-contrast","12","1%","YES","color-contrast: Ensure the contrast between foreground and background colors meets WCAG 2 AA min","em:nth-child(2)","unknown","See likely_template above","","","Check foreground/background color combinations. Ensure ratio ≥ 4.5:1 for normal text, ≥ 3:1 for large text (18pt or 14pt bold). Update the relevant CSS file.","","https://dequeuniversity.com/rules/axe/4.11/color-contrast?application=playwright","INS-70044269; INS-C5304CBB; INS-9863CD4D; INS-07E6C469; INS-31257362; INS-FEC80FC4; INS-491A5032; INS-DB9B5A12; INS-0CC9CF91; INS-A58F4C81; INS-F6C1CA01; INS-4BAE191A","/admin/people; /admin/people; /admin/people; /admin/people; /admin/people; /admin/people; /admin/people; /admin/people; /admin/people; /admin/people; /admin/people; /admin/people"
"10","DRUPAL-A11Y-010","DRU-09E68687","admin-accent-dark_purple::dark::desktop | admin-accent-green::dark::desktop | admin-accent-light_blue::dark::desktop | admin-accent-neutral::dark::desktop | admin-accent-orange::dark::desktop | admin-accent-pink::dark::desktop | admin-accent-purple::dark::desktop | admin-accent-red::dark::desktop | admin-accent-teal::dark::desktop | admin-accent-yellow::dark::desktop","serious","WCAG failure","1.4.3","AA","Contrast (Minimum)","Accessibility, wcag143","color-contrast","4","0%","YES","color-contrast: Ensure the contrast between foreground and background colors meets WCAG 2 AA min",".toolbar-button--icon--system-admin-structure > .toolbar-button__label[data-toolbar-text=""""]","toolbar (admin theme)","See likely_template above","","","Check foreground/background color combinations. Ensure ratio ≥ 4.5:1 for normal text, ≥ 3:1 for large text (18pt or 14pt bold). Update the relevant CSS file.","","https://dequeuniversity.com/rules/axe/4.11/color-contrast?application=playwright","INS-A3357781; INS-30D1E69D; INS-70A37429; INS-D9F10DB4","/admin/structure/block; /admin/structure/taxonomy; /admin/structure/types; /admin/structure"
"11","DRUPAL-A11Y-011","DRU-8D2B75C4","claro::light::desktop | claro::light::mobile | claro::light::mobile-landscape | claro::light::tablet","serious","WCAG failure","1.4.3","AA","Contrast (Minimum)","Accessibility, wcag143","color-contrast","4","0%","YES","color-contrast: Ensure the contrast between foreground and background colors meets WCAG 2 AA min",".enable > a","unknown","See likely_template above","","","Check foreground/background color combinations. Ensure ratio ≥ 4.5:1 for normal text, ≥ 3:1 for large text (18pt or 14pt bold). Update the relevant CSS file.","","https://dequeuniversity.com/rules/axe/4.11/color-contrast?application=playwright","INS-6308B25F; INS-3D0FF38F; INS-BEE6118A; INS-AEED493E","/admin/structure/block; /admin/structure/block; /admin/structure/block; /admin/structure/block"
"12","DRUPAL-A11Y-012","DRU-05EC5EAB","claro::light::desktop | claro::light::mobile | claro::light::mobile-landscape | claro::light::tablet","serious","WCAG failure","1.4.3","AA","Contrast (Minimum)","Accessibility, wcag143","color-contrast","4","0%","YES","""No blocks in this region"" placeholder text fails contrast (2.84:1, needs 4.5:1)",".region-hidden-message > td[colspan=""9""]","region.html.twig","core/themes/claro/css/theme/block-admin.css (or its .pcss.css source)","Foreground color #767676 or darker on white (#ffffff) background → 4.54:1","color: #999999 on #ffffff → contrast ratio 2.84:1","In Claro's block-admin CSS, darken the placeholder text:  /* Before (broken) */ .block-region .region-message em {   color: #999999; }  /* After (fixed) */ .block-region .region-message em {   color: #767676; /* 4.54:1 on white */ }","https://www.drupal.org/project/drupal/issues/3318394","https://dequeuniversity.com/rules/axe/4.11/color-contrast?application=playwright","INS-0FCEAFFE; INS-D6B1A3D6; INS-087176ED; INS-059307A6","/admin/structure/types/manage/test_type/display/default; /admin/structure/types/manage/test_type/display/default; /admin/structure/types/manage/test_type/display/default; /admin/structure/types/manage/test_type/display/default"
"13","DRUPAL-A11Y-013","DRU-E2078A3F","admin-accent-dark_purple::dark::desktop | admin-accent-green::dark::desktop | admin-accent-light_blue::dark::desktop | admin-accent-neutral::dark::desktop | admin-accent-orange::dark::desktop | admin-accent-pink::dark::desktop | admin-accent-purple::dark::desktop | admin-accent-red::dark::desktop | admin-accent-teal::dark::desktop | admin-accent-yellow::dark::desktop | admin-dark::dark::desktop | admin-dark::dark::mobile | admin-dark::dark::mobile-landscape | admin-dark::dark::tablet","serious","WCAG failure","1.4.3","AA","Contrast (Minimum)","Accessibility, wcag143","color-contrast","8","1%","YES","color-contrast: Ensure the contrast between foreground and background colors meets WCAG 2 AA min","#edit-select-single-disabled--description","unknown","See likely_template above","","","Check foreground/background color combinations. Ensure ratio ≥ 4.5:1 for normal text, ≥ 3:1 for large text (18pt or 14pt bold). Update the relevant CSS file.","","https://dequeuniversity.com/rules/axe/4.11/color-contrast?application=playwright","INS-0E76C28B; INS-E120C355; INS-FB144740; INS-C5933BC8; INS-2346D213; INS-D993BAAA; INS-EB5DE0E5; INS-63E1281F","/contact/select; /contact/select; /contact/select; /contact/select; /contact/select; /contact/select; /contact/select; /contact/select"
"14","DRUPAL-A11Y-014","DRU-AD2BFF67","admin-accent-dark_purple::dark::desktop | admin-accent-green::dark::desktop | admin-accent-light_blue::dark::desktop | admin-accent-neutral::dark::desktop | admin-accent-orange::dark::desktop | admin-accent-pink::dark::desktop | admin-accent-purple::dark::desktop | admin-accent-red::dark::desktop | admin-accent-teal::dark::desktop | admin-accent-yellow::dark::desktop | admin-dark::dark::desktop | admin-dark::dark::mobile | admin-dark::dark::mobile-landscape | admin-dark::dark::tablet","serious","WCAG failure","1.4.3","AA","Contrast (Minimum)","Accessibility, wcag143","color-contrast","32","2%","YES","color-contrast: Ensure the contrast between foreground and background colors meets WCAG 2 AA min","#edit-message-disabled-N-value--description","unknown","See likely_template above","","","Check foreground/background color combinations. Ensure ratio ≥ 4.5:1 for normal text, ≥ 3:1 for large text (18pt or 14pt bold). Update the relevant CSS file.","","https://dequeuniversity.com/rules/axe/4.11/color-contrast?application=playwright","INS-23FBFBC5; INS-184F3C8C; INS-84F351C7; INS-FB02B62F; INS-D3B13DB8; INS-4DF4FD36; INS-E32D2ADF; INS-EFA87849; INS-4A14B725; INS-8CDC8A67; INS-9CDD38A6; INS-3B14D2E3; INS-ADC8F1BC; INS-7A90E833; INS-E5520753; INS-2E1E2A77; INS-63C77EA4; INS-49D9CAB3; INS-B6166925; INS-DF84FB05; INS-5BA8A50E; INS-368462D4; INS-38B0103B; INS-366342A8; INS-1EF47892; INS-87F2DAEF; INS-2AF11D19; INS-DD76FD16; INS-9393BEEE; INS-8127BB01; INS-3A9556AB; INS-23A8FB93","/contact/textarea; /contact/textarea; /contact/textarea; /contact/textarea; /contact/textform; /contact/textform; /contact/textform; /contact/textform; /contact/textform; /contact/textform; /contact/textform; /contact/textform; /contact/textform; /contact/textform; /contact/textform; /contact/textform; /contact/textform; /contact/textform; /contact/textform; /contact/textform; /contact/textform; /contact/textform; /contact/textform; /contact/textform; /contact/textform; /contact/textform; /contact/textform; /contact/textform; /contact/textform; /contact/textform; /contact/textform; /contact/textform"
"15","DRUPAL-A11Y-015","DRU-41A4004B","admin-accent-dark_purple::dark::desktop | admin-accent-green::dark::desktop | admin-accent-light_blue::dark::desktop | admin-accent-neutral::dark::desktop | admin-accent-orange::dark::desktop | admin-accent-pink::dark::desktop | admin-accent-purple::dark::desktop | admin-accent-red::dark::desktop | admin-accent-teal::dark::desktop | admin-accent-yellow::dark::desktop | admin-dark::dark::desktop | admin-dark::dark::mobile | admin-dark::dark::mobile-landscape | admin-dark::dark::tablet","serious","WCAG failure","1.4.3","AA","Contrast (Minimum)","Accessibility, wcag143","color-contrast","8","1%","YES","color-contrast: Ensure the contrast between foreground and background colors meets WCAG 2 AA min","#edit-formatted-disabled-N--description","unknown","See likely_template above","","","Check foreground/background color combinations. Ensure ratio ≥ 4.5:1 for normal text, ≥ 3:1 for large text (18pt or 14pt bold). Update the relevant CSS file.","","https://dequeuniversity.com/rules/axe/4.11/color-contrast?application=playwright","INS-6FF6C19D; INS-6B30DA13; INS-F3FEE6EE; INS-D0AABC7A; INS-D0E16C06; INS-420C4112; INS-2B338435; INS-1AB56E5E","/contact/textarea; /contact/textarea; /contact/textarea; /contact/textarea; /contact/textform; /contact/textform; /contact/textform; /contact/textform"
"16","DRUPAL-A11Y-016","DRU-280E210A","admin-accent-dark_purple::dark::desktop | admin-accent-green::dark::desktop | admin-accent-light_blue::dark::desktop | admin-accent-neutral::dark::desktop | admin-accent-orange::dark::desktop | admin-accent-pink::dark::desktop | admin-accent-purple::dark::desktop | admin-accent-red::dark::desktop | admin-accent-teal::dark::desktop | admin-accent-yellow::dark::desktop | admin-dark::dark::desktop | admin-dark::dark::mobile | admin-dark::dark::mobile-landscape | admin-dark::dark::tablet","serious","WCAG failure","1.4.3","AA","Contrast (Minimum)","Accessibility, wcag143","color-contrast","4","0%","YES","color-contrast: Ensure the contrast between foreground and background colors meets WCAG 2 AA min","#edit-formatted-summary-disabled-N-summary--description","unknown","See likely_template above","","","Check foreground/background color combinations. Ensure ratio ≥ 4.5:1 for normal text, ≥ 3:1 for large text (18pt or 14pt bold). Update the relevant CSS file.","","https://dequeuniversity.com/rules/axe/4.11/color-contrast?application=playwright","INS-D82B666B; INS-8CD5C8B1; INS-8CC1DFD5; INS-08AF0F28","/contact/textarea; /contact/textarea; /contact/textarea; /contact/textarea"
"17","DRUPAL-A11Y-017","DRU-26F035FD","admin-accent-dark_purple::dark::desktop | admin-accent-green::dark::desktop | admin-accent-light_blue::dark::desktop | admin-accent-neutral::dark::desktop | admin-accent-orange::dark::desktop | admin-accent-pink::dark::desktop | admin-accent-purple::dark::desktop | admin-accent-red::dark::desktop | admin-accent-teal::dark::desktop | admin-accent-yellow::dark::desktop | admin-dark::dark::desktop | admin-dark::dark::mobile | admin-dark::dark::mobile-landscape | admin-dark::dark::tablet","serious","WCAG failure","1.4.3","AA","Contrast (Minimum)","Accessibility, wcag143","color-contrast","8","1%","YES","color-contrast: Ensure the contrast between foreground and background colors meets WCAG 2 AA min","#edit-formatted-summary-disabled-N--description","unknown","See likely_template above","","","Check foreground/background color combinations. Ensure ratio ≥ 4.5:1 for normal text, ≥ 3:1 for large text (18pt or 14pt bold). Update the relevant CSS file.","","https://dequeuniversity.com/rules/axe/4.11/color-contrast?application=playwright","INS-778F76BE; INS-E94AB84A; INS-0F4545D5; INS-0AEF6A1B; INS-B3BD7010; INS-79F2CD1F; INS-460A78C6; INS-206F1284","/contact/textarea; /contact/textarea; /contact/textarea; /contact/textarea; /contact/textarea; /contact/textarea; /contact/textarea; /contact/textarea"
"18","DRUPAL-A11Y-018","DRU-A2F30B05","admin-accent-dark_purple::dark::desktop | admin-accent-green::dark::desktop | admin-accent-light_blue::dark::desktop | admin-accent-neutral::dark::desktop | admin-accent-orange::dark::desktop | admin-accent-pink::dark::desktop | admin-accent-purple::dark::desktop | admin-accent-red::dark::desktop | admin-accent-teal::dark::desktop | admin-accent-yellow::dark::desktop | admin-dark::dark::desktop | admin-dark::dark::mobile | admin-dark::dark::mobile-landscape | admin-dark::dark::tablet","serious","WCAG failure","1.4.3","AA","Contrast (Minimum)","Accessibility, wcag143","color-contrast","8","1%","YES","color-contrast: Ensure the contrast between foreground and background colors meets WCAG 2 AA min",".form-item__prefix.is-disabled","form-element.html.twig","See likely_template above","","","Check foreground/background color combinations. Ensure ratio ≥ 4.5:1 for normal text, ≥ 3:1 for large text (18pt or 14pt bold). Update the relevant CSS file.","","https://dequeuniversity.com/rules/axe/4.11/color-contrast?application=playwright","INS-CA204D13; INS-76082784; INS-04E72809; INS-01C0B249; INS-76505633; INS-B9E475DE; INS-A5AC29D9; INS-79339354","/contact/textform; /contact/textform; /contact/textform; /contact/textform; /contact/textform; /contact/textform; /contact/textform; /contact/textform"
"19","DRUPAL-A11Y-019","DRU-9E85665A","admin-accent-dark_purple::dark::desktop | admin-accent-green::dark::desktop | admin-accent-light_blue::dark::desktop | admin-accent-neutral::dark::desktop | admin-accent-orange::dark::desktop | admin-accent-pink::dark::desktop | admin-accent-purple::dark::desktop | admin-accent-red::dark::desktop | admin-accent-teal::dark::desktop | admin-accent-yellow::dark::desktop | admin-dark::dark::desktop | admin-dark::dark::mobile | admin-dark::dark::mobile-landscape | admin-dark::dark::tablet","serious","WCAG failure","1.4.3","AA","Contrast (Minimum)","Accessibility, wcag143","color-contrast","8","1%","YES","color-contrast: Ensure the contrast between foreground and background colors meets WCAG 2 AA min","#edit-link-disabled-N-uri--description > ul > li:nth-child(1)","unknown","See likely_template above","","","Check foreground/background color combinations. Ensure ratio ≥ 4.5:1 for normal text, ≥ 3:1 for large text (18pt or 14pt bold). Update the relevant CSS file.","","https://dequeuniversity.com/rules/axe/4.11/color-contrast?application=playwright","INS-6F4F5D98; INS-19F5F29D; INS-7C5539AA; INS-CC2A3148; INS-31BA1251; INS-CF01F41D; INS-AF1F8AF0; INS-1CA14945","/contact/textform; /contact/textform; /contact/textform; /contact/textform; /contact/textform; /contact/textform; /contact/textform; /contact/textform"
"20","DRUPAL-A11Y-020","DRU-F3991A4A","admin-accent-dark_purple::dark::desktop | admin-accent-green::dark::desktop | admin-accent-light_blue::dark::desktop | admin-accent-neutral::dark::desktop | admin-accent-orange::dark::desktop | admin-accent-pink::dark::desktop | admin-accent-purple::dark::desktop | admin-accent-red::dark::desktop | admin-accent-teal::dark::desktop | admin-accent-yellow::dark::desktop | admin-dark::dark::desktop | admin-dark::dark::mobile | admin-dark::dark::mobile-landscape | admin-dark::dark::tablet","serious","WCAG failure","1.4.3","AA","Contrast (Minimum)","Accessibility, wcag143","color-contrast","20","1%","YES","color-contrast: Ensure the contrast between foreground and background colors meets WCAG 2 AA min","#edit-link-disabled-N-uri--description > ul > li:nth-child(2) > em:nth-child(1)","unknown","See likely_template above","","","Check foreground/background color combinations. Ensure ratio ≥ 4.5:1 for normal text, ≥ 3:1 for large text (18pt or 14pt bold). Update the relevant CSS file.","","https://dequeuniversity.com/rules/axe/4.11/color-contrast?application=playwright","INS-B8FBD9FA; INS-A4B1B37D; INS-249EDAC4; INS-A1A675FD; INS-1FCB177E; INS-E34F60B2; INS-9BBF7781; INS-10BE73CE; INS-D9AEE371; INS-C6A160B2; INS-98883E61; INS-D024BCE1; INS-EEC060D1; INS-2DF905FD; INS-6640BBDF; INS-3A814057; INS-0AAC7B2D; INS-B064C463; INS-429205D5; INS-D1AA1DD6","/contact/textform; /contact/textform; /contact/textform; /contact/textform; /contact/textform; /contact/textform; /contact/textform; /contact/textform; /contact/textform; /contact/textform; /contact/textform; /contact/textform; /contact/textform; /contact/textform; /contact/textform; /contact/textform; /contact/textform; /contact/textform; /contact/textform; /contact/textform"
"21","DRUPAL-A11Y-021","DRU-F62785C7","admin-accent-dark_purple::dark::desktop | admin-accent-green::dark::desktop | admin-accent-light_blue::dark::desktop | admin-accent-neutral::dark::desktop | admin-accent-orange::dark::desktop | admin-accent-pink::dark::desktop | admin-accent-purple::dark::desktop | admin-accent-red::dark::desktop | admin-accent-teal::dark::desktop | admin-accent-yellow::dark::desktop | admin-dark::dark::desktop | admin-dark::dark::mobile | admin-dark::dark::mobile-landscape | admin-dark::dark::tablet","serious","WCAG failure","1.4.3","AA","Contrast (Minimum)","Accessibility, wcag143","color-contrast","4","0%","YES","color-contrast: Ensure the contrast between foreground and background colors meets WCAG 2 AA min","#edit-link-title-disabled-N > legend > .fieldset__label.is-disabled","unknown","See likely_template above","","","Check foreground/background color combinations. Ensure ratio ≥ 4.5:1 for normal text, ≥ 3:1 for large text (18pt or 14pt bold). Update the relevant CSS file.","","https://dequeuniversity.com/rules/axe/4.11/color-contrast?application=playwright","INS-D17BC578; INS-F49874C9; INS-5236FB25; INS-2A684A9E","/contact/textform; /contact/textform; /contact/textform; /contact/textform"
"22","DRUPAL-A11Y-022","DRU-5CEC2B2B","admin-accent-dark_purple::dark::desktop | admin-accent-green::dark::desktop | admin-accent-light_blue::dark::desktop | admin-accent-neutral::dark::desktop | admin-accent-orange::dark::desktop | admin-accent-pink::dark::desktop | admin-accent-purple::dark::desktop | admin-accent-red::dark::desktop | admin-accent-teal::dark::desktop | admin-accent-yellow::dark::desktop | admin-dark::dark::desktop | admin-dark::dark::mobile | admin-dark::dark::mobile-landscape | admin-dark::dark::tablet","serious","WCAG failure","1.4.3","AA","Contrast (Minimum)","Accessibility, wcag143","color-contrast","8","1%","YES","color-contrast: Ensure the contrast between foreground and background colors meets WCAG 2 AA min","#edit-link-title-disabled-N-uri--description","unknown","See likely_template above","","","Check foreground/background color combinations. Ensure ratio ≥ 4.5:1 for normal text, ≥ 3:1 for large text (18pt or 14pt bold). Update the relevant CSS file.","","https://dequeuniversity.com/rules/axe/4.11/color-contrast?application=playwright","INS-5DA20BE9; INS-CB7886E8; INS-DB082DC5; INS-037105F5; INS-EE669E1E; INS-28024E12; INS-EFBBB3F6; INS-794D97B7","/contact/textform; /contact/textform; /contact/textform; /contact/textform; /contact/textform; /contact/textform; /contact/textform; /contact/textform"
"23","DRUPAL-A11Y-023","DRU-1844614F","admin-accent-dark_purple::dark::desktop | admin-accent-green::dark::desktop | admin-accent-light_blue::dark::desktop | admin-accent-neutral::dark::desktop | admin-accent-orange::dark::desktop | admin-accent-pink::dark::desktop | admin-accent-purple::dark::desktop | admin-accent-red::dark::desktop | admin-accent-teal::dark::desktop | admin-accent-yellow::dark::desktop | admin-dark::dark::desktop | admin-dark::dark::mobile | admin-dark::dark::mobile-landscape | admin-dark::dark::tablet","serious","WCAG failure","1.4.3","AA","Contrast (Minimum)","Accessibility, wcag143","color-contrast","20","1%","YES","color-contrast: Ensure the contrast between foreground and background colors meets WCAG 2 AA min","#edit-link-title-disabled-N-uri--description > em:nth-child(1)","unknown","See likely_template above","","","Check foreground/background color combinations. Ensure ratio ≥ 4.5:1 for normal text, ≥ 3:1 for large text (18pt or 14pt bold). Update the relevant CSS file.","","https://dequeuniversity.com/rules/axe/4.11/color-contrast?application=playwright","INS-3D02A223; INS-F04205AB; INS-F34726D4; INS-9BFA3BF8; INS-254D4236; INS-326DFD71; INS-E3FF49E5; INS-63711B77; INS-924B2F59; INS-2F01D8DC; INS-55586EEB; INS-29B16340; INS-194D889B; INS-0537E12C; INS-A700A4C6; INS-5827FECF; INS-63CD29F5; INS-601261C6; INS-190E3892; INS-F3698B9F","/contact/textform; /contact/textform; /contact/textform; /contact/textform; /contact/textform; /contact/textform; /contact/textform; /contact/textform; /contact/textform; /contact/textform; /contact/textform; /contact/textform; /contact/textform; /contact/textform; /contact/textform; /contact/textform; /contact/textform; /contact/textform; /contact/textform; /contact/textform"
"24","DRUPAL-A11Y-024","DRU-947532A5","admin-accent-dark_purple::dark::desktop | admin-accent-green::dark::desktop | admin-accent-light_blue::dark::desktop | admin-accent-neutral::dark::desktop | admin-accent-orange::dark::desktop | admin-accent-pink::dark::desktop | admin-accent-purple::dark::desktop | admin-accent-red::dark::desktop | admin-accent-teal::dark::desktop | admin-accent-yellow::dark::desktop | admin-dark::dark::desktop | admin-dark::dark::mobile | admin-dark::dark::mobile-landscape | admin-dark::dark::tablet","serious","WCAG failure","1.4.3","AA","Contrast (Minimum)","Accessibility, wcag143","color-contrast","4","0%","YES","color-contrast: Ensure the contrast between foreground and background colors meets WCAG 2 AA min","#edit-timestamp-disabled-N-value--label","unknown","See likely_template above","","","Check foreground/background color combinations. Ensure ratio ≥ 4.5:1 for normal text, ≥ 3:1 for large text (18pt or 14pt bold). Update the relevant CSS file.","","https://dequeuniversity.com/rules/axe/4.11/color-contrast?application=playwright","INS-C2E1ED21; INS-478DF6D9; INS-20694906; INS-6900C902","/contact/textform; /contact/textform; /contact/textform; /contact/textform"
"25","DRUPAL-A11Y-025","DRU-2E4D3107","admin-accent-dark_purple::dark::desktop | admin-accent-green::dark::desktop | admin-accent-light_blue::dark::desktop | admin-accent-neutral::dark::desktop | admin-accent-orange::dark::desktop | admin-accent-pink::dark::desktop | admin-accent-purple::dark::desktop | admin-accent-red::dark::desktop | admin-accent-teal::dark::desktop | admin-accent-yellow::dark::desktop | admin-dark::dark::desktop | admin-dark::dark::mobile | admin-dark::dark::mobile-landscape | admin-dark::dark::tablet","serious","WCAG failure","1.4.3","AA","Contrast (Minimum)","Accessibility, wcag143","color-contrast","8","1%","YES","color-contrast: Ensure the contrast between foreground and background colors meets WCAG 2 AA min","#edit-date-disabled-N-value--label","unknown","See likely_template above","","","Check foreground/background color combinations. Ensure ratio ≥ 4.5:1 for normal text, ≥ 3:1 for large text (18pt or 14pt bold). Update the relevant CSS file.","","https://dequeuniversity.com/rules/axe/4.11/color-contrast?application=playwright","INS-1017B5C0; INS-75A9695C; INS-D0DC9E70; INS-7A99D9CA; INS-9E7690FB; INS-2AF8E90E; INS-4B2D4C9F; INS-13DA6ECC","/contact/textform; /contact/textform; /contact/textform; /contact/textform; /contact/textform; /contact/textform; /contact/textform; /contact/textform"
"26","DRUPAL-A11Y-026","DRU-83F8AB83","admin-accent-dark_purple::dark::desktop | admin-accent-green::dark::desktop | admin-accent-light_blue::dark::desktop | admin-accent-neutral::dark::desktop | admin-accent-orange::dark::desktop | admin-accent-pink::dark::desktop | admin-accent-purple::dark::desktop | admin-accent-red::dark::desktop | admin-accent-teal::dark::desktop | admin-accent-yellow::dark::desktop | admin-dark::dark::desktop | admin-dark::dark::mobile | admin-dark::dark::mobile-landscape | admin-dark::dark::tablet","serious","WCAG failure","1.4.3","AA","Contrast (Minimum)","Accessibility, wcag143","color-contrast","8","1%","YES","color-contrast: Ensure the contrast between foreground and background colors meets WCAG 2 AA min","#edit-datetime-disabled-N > legend > .fieldset__label.is-disabled","unknown","See likely_template above","","","Check foreground/background color combinations. Ensure ratio ≥ 4.5:1 for normal text, ≥ 3:1 for large text (18pt or 14pt bold). Update the relevant CSS file.","","https://dequeuniversity.com/rules/axe/4.11/color-contrast?application=playwright","INS-EB602501; INS-F431CE8A; INS-9286EC98; INS-F51F538E; INS-E9426898; INS-87B99184; INS-8CA3B929; INS-5F13DCCB","/contact/textform; /contact/textform; /contact/textform; /contact/textform; /contact/textform; /contact/textform; /contact/textform; /contact/textform"
"27","DRUPAL-A11Y-027","DRU-4D02AC76","admin-accent-dark_purple::dark::desktop | admin-accent-green::dark::desktop | admin-accent-light_blue::dark::desktop | admin-accent-neutral::dark::desktop | admin-accent-orange::dark::desktop | admin-accent-pink::dark::desktop | admin-accent-purple::dark::desktop | admin-accent-red::dark::desktop | admin-accent-teal::dark::desktop | admin-accent-yellow::dark::desktop | admin-dark::dark::desktop | admin-dark::dark::mobile | admin-dark::dark::mobile-landscape | admin-dark::dark::tablet","serious","WCAG failure","1.4.3","AA","Contrast (Minimum)","Accessibility, wcag143","color-contrast","12","1%","YES","color-contrast: Ensure the contrast between foreground and background colors meets WCAG 2 AA min","#edit-datetime-disabled-N--description","unknown","See likely_template above","","","Check foreground/background color combinations. Ensure ratio ≥ 4.5:1 for normal text, ≥ 3:1 for large text (18pt or 14pt bold). Update the relevant CSS file.","","https://dequeuniversity.com/rules/axe/4.11/color-contrast?application=playwright","INS-207E5EB8; INS-F21FBC1D; INS-76C084ED; INS-88D273CA; INS-99EBDADD; INS-7F162EDA; INS-C6C59829; INS-7FAD8950; INS-5E7B6047; INS-ED5E3C1D; INS-8268C78C; INS-C7C588A8","/contact/textform; /contact/textform; /contact/textform; /contact/textform; /contact/textform; /contact/textform; /contact/textform; /contact/textform; /contact/textform; /contact/textform; /contact/textform; /contact/textform"
"28","DRUPAL-A11Y-028","DRU-E559EF47","admin-accent-dark_purple::dark::desktop | admin-accent-green::dark::desktop | admin-accent-light_blue::dark::desktop | admin-accent-neutral::dark::desktop | admin-accent-orange::dark::desktop | admin-accent-pink::dark::desktop | admin-accent-purple::dark::desktop | admin-accent-red::dark::desktop | admin-accent-teal::dark::desktop | admin-accent-yellow::dark::desktop | admin-dark::dark::desktop | admin-dark::dark::mobile | admin-dark::dark::mobile-landscape | admin-dark::dark::tablet","serious","WCAG failure","1.4.3","AA","Contrast (Minimum)","Accessibility, wcag143","color-contrast","8","1%","YES","color-contrast: Ensure the contrast between foreground and background colors meets WCAG 2 AA min","#edit-daterange-disabled-N-end-value--label","unknown","See likely_template above","","","Check foreground/background color combinations. Ensure ratio ≥ 4.5:1 for normal text, ≥ 3:1 for large text (18pt or 14pt bold). Update the relevant CSS file.","","https://dequeuniversity.com/rules/axe/4.11/color-contrast?application=playwright","INS-C47CFE6B; INS-1209D3E5; INS-2677BEF2; INS-452EB680; INS-3EFE0339; INS-213586A2; INS-25523AC1; INS-C981CCC5","/contact/textform; /contact/textform; /contact/textform; /contact/textform; /contact/textform; /contact/textform; /contact/textform; /contact/textform"
"29","DRUPAL-A11Y-029","DRU-4D55785C","admin-accent-dark_purple::dark::desktop | admin-accent-green::dark::desktop | admin-accent-light_blue::dark::desktop | admin-accent-neutral::dark::desktop | admin-accent-orange::dark::desktop | admin-accent-pink::dark::desktop | admin-accent-purple::dark::desktop | admin-accent-red::dark::desktop | admin-accent-teal::dark::desktop | admin-accent-yellow::dark::desktop | admin-dark::dark::desktop | admin-dark::dark::mobile | admin-dark::dark::mobile-landscape | admin-dark::dark::tablet","serious","WCAG failure","1.4.3","AA","Contrast (Minimum)","Accessibility, wcag143","color-contrast","4","0%","YES","color-contrast: Ensure the contrast between foreground and background colors meets WCAG 2 AA min","#edit-daterange-ad-disabled-N > legend > .fieldset__label.is-disabled","unknown","See likely_template above","","","Check foreground/background color combinations. Ensure ratio ≥ 4.5:1 for normal text, ≥ 3:1 for large text (18pt or 14pt bold). Update the relevant CSS file.","","https://dequeuniversity.com/rules/axe/4.11/color-contrast?application=playwright","INS-39823A47; INS-55CCADAE; INS-F0B4A620; INS-DA94CED4","/contact/textform; /contact/textform; /contact/textform; /contact/textform"
"30","DRUPAL-A11Y-030","DRU-90FB867F","admin-accent-dark_purple::dark::desktop | admin-accent-green::dark::desktop | admin-accent-light_blue::dark::desktop | admin-accent-neutral::dark::desktop | admin-accent-orange::dark::desktop | admin-accent-pink::dark::desktop | admin-accent-purple::dark::desktop | admin-accent-red::dark::desktop | admin-accent-teal::dark::desktop | admin-accent-yellow::dark::desktop | admin-dark::dark::desktop | admin-dark::dark::mobile | admin-dark::dark::mobile-landscape | admin-dark::dark::tablet","serious","WCAG failure","1.4.3","AA","Contrast (Minimum)","Accessibility, wcag143","color-contrast","4","0%","YES","color-contrast: Ensure the contrast between foreground and background colors meets WCAG 2 AA min","#edit-daterange-ad-disabled-N-value--label","unknown","See likely_template above","","","Check foreground/background color combinations. Ensure ratio ≥ 4.5:1 for normal text, ≥ 3:1 for large text (18pt or 14pt bold). Update the relevant CSS file.","","https://dequeuniversity.com/rules/axe/4.11/color-contrast?application=playwright","INS-63FE25A5; INS-507EA512; INS-AF008E6F; INS-E7A5E995","/contact/textform; /contact/textform; /contact/textform; /contact/textform"
"31","DRUPAL-A11Y-031","DRU-08EA9B05","admin-accent-dark_purple::dark::desktop | admin-accent-green::dark::desktop | admin-accent-light_blue::dark::desktop | admin-accent-neutral::dark::desktop | admin-accent-orange::dark::desktop | admin-accent-pink::dark::desktop | admin-accent-purple::dark::desktop | admin-accent-red::dark::desktop | admin-accent-teal::dark::desktop | admin-accent-yellow::dark::desktop | admin-dark::dark::desktop | admin-dark::dark::mobile | admin-dark::dark::mobile-landscape | admin-dark::dark::tablet","serious","WCAG failure","1.4.3","AA","Contrast (Minimum)","Accessibility, wcag143","color-contrast","4","0%","YES","color-contrast: Ensure the contrast between foreground and background colors meets WCAG 2 AA min","#edit-daterange-ad-disabled-N--description","unknown","See likely_template above","","","Check foreground/background color combinations. Ensure ratio ≥ 4.5:1 for normal text, ≥ 3:1 for large text (18pt or 14pt bold). Update the relevant CSS file.","","https://dequeuniversity.com/rules/axe/4.11/color-contrast?application=playwright","INS-EBFFDBCB; INS-CEA528AB; INS-13693F98; INS-58BDD7EA","/contact/textform; /contact/textform; /contact/textform; /contact/textform"
"32","DRUPAL-A11Y-032","DRU-581297ED","admin-accent-dark_purple::dark::desktop | admin-accent-green::dark::desktop | admin-accent-light_blue::dark::desktop | admin-accent-neutral::dark::desktop | admin-accent-orange::dark::desktop | admin-accent-pink::dark::desktop | admin-accent-purple::dark::desktop | admin-accent-red::dark::desktop | admin-accent-teal::dark::desktop | admin-accent-yellow::dark::desktop | admin-dark::dark::desktop | admin-dark::dark::mobile | admin-dark::dark::mobile-landscape | admin-dark::dark::tablet","serious","WCAG failure","1.4.3","AA","Contrast (Minimum)","Accessibility, wcag143","color-contrast","4","0%","YES","color-contrast: Ensure the contrast between foreground and background colors meets WCAG 2 AA min","#edit-color-disabled-N-value--description","unknown","See likely_template above","","","Check foreground/background color combinations. Ensure ratio ≥ 4.5:1 for normal text, ≥ 3:1 for large text (18pt or 14pt bold). Update the relevant CSS file.","","https://dequeuniversity.com/rules/axe/4.11/color-contrast?application=playwright","INS-845AAF83; INS-601967CB; INS-22E957C4; INS-6811A00B","/contact/textform; /contact/textform; /contact/textform; /contact/textform"
"33","DRUPAL-A11Y-033","DRU-5867174A","admin-dark::dark::desktop | admin-dark::dark::mobile | admin-dark::dark::mobile-landscape | admin-dark::dark::tablet | admin::light::desktop | admin::light::mobile | admin::light::mobile-landscape | admin::light::tablet","serious","WCAG failure","2.5.8","AA","Target Size (Minimum)","Accessibility, wcag258","target-size","41","3%","YES","target-size: Ensure touch targets have sufficient size and space","tr[data-drupal-selector=""edit-terms-tid10""] > .tabledrag-cell > .tabledrag-cell-content.js-tabledrag-cell-content > .tabledrag-cell-content__item > .tabledrag-handle[href=""#""][title=""Move in any direction""]","unknown","See likely_template above","","","Ensure interactive elements have a minimum 24×24px clickable area via padding or min-height/min-width in CSS.","","https://dequeuniversity.com/rules/axe/4.11/target-size?application=playwright","INS-5EA78166; INS-6661B13A; INS-E3BB0789; INS-CABE351F; INS-CB7A867F; INS-5303CF1E; INS-256A1DCD; INS-A85FEA1C; INS-9DE07E17; INS-4BF19DC3; INS-675340D9; INS-8B385950; INS-37A1465E; INS-DBAD0C17; INS-C3FD05EC; INS-75DE19A1; INS-4AAAE68C; INS-08F6917E; INS-5EE3416E; INS-31BA23CE; INS-C3897292; INS-26E6A9F6; INS-DA5438E5; INS-C7BDAF7E; INS-2A4BAF67; INS-806C2D17; INS-9DB78225; INS-BDCD5A4F; INS-CF90C839; INS-2BDB5009; INS-824CC67E; INS-53F5A2B3; INS-118F6D40; INS-9AF09B72; INS-6DDE1DAB; INS-35EE5F38; INS-8DA8635A; INS-446E4C9F; INS-18702AC0; INS-389F5609; INS-82F651E4","/tabledrag; /tabledrag; /tabledrag; /tabledrag; /tabledrag; /tabledrag; /tabledrag; /tabledrag; /tabledrag; /tabledrag; /tabledrag; /tabledrag; /tabledrag; /tabledrag; /tabledrag; /tabledrag; /tabledrag; /tabledrag; /tabledrag; /tabledrag; /tabledrag; /tabledrag; /tabledrag; /tabledrag; /tabledrag; /tabledrag; /tabledrag; /tabledrag; /tabledrag; /tabledrag; /tabledrag; /tabledrag; /tabledrag; /tabledrag; /tabledrag; /tabledrag; /tabledrag; /tabledrag; /tabledrag; /tabledrag; /tabledrag"
"34","DRUPAL-A11Y-034","DRU-33BE632E","admin-dark::dark::desktop | admin-dark::dark::mobile | admin-dark::dark::mobile-landscape | admin-dark::dark::tablet | admin::light::desktop | admin::light::mobile | admin::light::mobile-landscape | admin::light::tablet","serious","WCAG failure","2.5.8","AA","Target Size (Minimum)","Accessibility, wcag258","target-size","38","3%","YES","target-size: Ensure touch targets have sufficient size and space","#edit-terms-tid10-term","unknown","See likely_template above","","","Ensure interactive elements have a minimum 24×24px clickable area via padding or min-height/min-width in CSS.","","https://dequeuniversity.com/rules/axe/4.11/target-size?application=playwright","INS-0121A853; INS-BBF155EA; INS-ED4D799D; INS-8AD67582; INS-EF5572E4; INS-7FBA5663; INS-31C28646; INS-341ADCB1; INS-FE5445DB; INS-6DFD6F52; INS-6C9642BC; INS-A618F725; INS-18EB4A26; INS-C259D101; INS-A649312F; INS-00B24FE4; INS-36D2EA26; INS-94D6A7D0; INS-1780F0FF; INS-0A7B7C4F; INS-3D208FF7; INS-ADE19778; INS-55D3D92D; INS-0EA0F2E0; INS-76193C5B; INS-75EB2489; INS-2C7866F0; INS-3DC5CFBD; INS-EB6C0606; INS-3B8B3D61; INS-9135D088; INS-87085798; INS-392F4187; INS-91852888; INS-C0ED3656; INS-E4697A0E; INS-CEAF3BD5; INS-6F7D6151","/tabledrag; /tabledrag; /tabledrag; /tabledrag; /tabledrag; /tabledrag; /tabledrag; /tabledrag; /tabledrag; /tabledrag; /tabledrag; /tabledrag; /tabledrag; /tabledrag; /tabledrag; /tabledrag; /tabledrag; /tabledrag; /tabledrag; /tabledrag; /tabledrag; /tabledrag; /tabledrag; /tabledrag; /tabledrag; /tabledrag; /tabledrag; /tabledrag; /tabledrag; /tabledrag; /tabledrag; /tabledrag; /tabledrag; /tabledrag; /tabledrag; /tabledrag; /tabledrag; /tabledrag"
"35","DRUPAL-A11Y-035","DRU-EE5E2CD9","admin-accent-dark_purple::dark::desktop | admin-accent-green::dark::desktop | admin-accent-light_blue::dark::desktop | admin-accent-neutral::dark::desktop | admin-accent-orange::dark::desktop | admin-accent-pink::dark::desktop | admin-accent-purple::dark::desktop | admin-accent-red::dark::desktop | admin-accent-teal::dark::desktop | admin-accent-yellow::dark::desktop","serious","WCAG failure","1.4.3","AA","Contrast (Minimum)","Accessibility, wcag143","color-contrast","3","0%","YES","color-contrast: Ensure the contrast between foreground and background colors meets WCAG 2 AA min",".toolbar-button--icon--system-admin-config > .toolbar-button__label[data-toolbar-text=""""]","toolbar (admin theme)","See likely_template above","","","Check foreground/background color combinations. Ensure ratio ≥ 4.5:1 for normal text, ≥ 3:1 for large text (18pt or 14pt bold). Update the relevant CSS file.","","https://dequeuniversity.com/rules/axe/4.11/color-contrast?application=playwright","INS-F1B9C2A1; INS-C1D87390; INS-3DFA8277","/admin/config/content/formats; /admin/config/system/site-information; /admin/config"
"36","DRUPAL-A11Y-036","DRU-C173AC22","admin-accent-dark_purple::dark::desktop | admin-accent-green::dark::desktop | admin-accent-light_blue::dark::desktop | admin-accent-neutral::dark::desktop | admin-accent-orange::dark::desktop | admin-accent-pink::dark::desktop | admin-accent-purple::dark::desktop | admin-accent-red::dark::desktop | admin-accent-teal::dark::desktop | admin-accent-yellow::dark::desktop | admin-dark::dark::desktop","serious","WCAG failure","1.4.3","AA","Contrast (Minimum)","Accessibility, wcag143","color-contrast","4","0%","YES","color-contrast: Ensure the contrast between foreground and background colors meets WCAG 2 AA min",".toolbar-button--icon--navigation-create > .toolbar-button__label[data-toolbar-text=""""]","toolbar (admin theme)","See likely_template above","","","Check foreground/background color combinations. Ensure ratio ≥ 4.5:1 for normal text, ≥ 3:1 for large text (18pt or 14pt bold). Update the relevant CSS file.","","https://dequeuniversity.com/rules/axe/4.11/color-contrast?application=playwright","INS-0B689871; INS-A779AB7D; INS-D302E18A; INS-339EAFE5","/node/add/article; /node/add/cd; /node/add/page; /admin/content"
"37","DRUPAL-A11Y-037","DRU-D377125E","admin::light::mobile-landscape | admin::light::tablet","serious","WCAG failure","1.4.1","A","Use of Color","Accessibility, wcag141","link-in-text-block","2","0%","no","link-in-text-block: Ensure links are distinguished from surrounding text in a way that does not rely","#edit-imagefile-file-limited-dis-N > .form-managed-file__main > .file.file--mime-text-plain.file--text > .menu-item__link[type=""text/plain""]","menu.html.twig","See likely_template above","","","See axe documentation.","","https://dequeuniversity.com/rules/axe/4.11/link-in-text-block?application=playwright","INS-451C3738; INS-4E969BBC","/contact/imagefile_file; /contact/imagefile_file"
"38","DRUPAL-A11Y-038","DRU-4A814D8B","admin-accent-dark_purple::dark::desktop | admin-accent-green::dark::desktop | admin-accent-light_blue::dark::desktop | admin-accent-neutral::dark::desktop | admin-accent-orange::dark::desktop | admin-accent-pink::dark::desktop | admin-accent-purple::dark::desktop | admin-accent-red::dark::desktop | admin-accent-teal::dark::desktop | admin-accent-yellow::dark::desktop","serious","WCAG failure","1.4.3","AA","Contrast (Minimum)","Accessibility, wcag143","color-contrast","1","0%","no","color-contrast: Ensure the contrast between foreground and background colors meets WCAG 2 AA min",".toolbar-button--icon--system-themes-page > .toolbar-button__label[data-toolbar-text=""""]","toolbar (admin theme)","See likely_template above","","","Check foreground/background color combinations. Ensure ratio ≥ 4.5:1 for normal text, ≥ 3:1 for large text (18pt or 14pt bold). Update the relevant CSS file.","","https://dequeuniversity.com/rules/axe/4.11/color-contrast?application=playwright","INS-B8136ED2","/admin/appearance"
"39","DRUPAL-A11Y-039","DRU-AFF8AF72","admin-accent-yellow::light::desktop","serious","WCAG failure","1.4.3","AA","Contrast (Minimum)","Accessibility, wcag143","color-contrast","1","0%","no","color-contrast: Ensure the contrast between foreground and background colors meets WCAG 2 AA min","#edit-actions-submit","unknown","See likely_template above","","","Check foreground/background color combinations. Ensure ratio ≥ 4.5:1 for normal text, ≥ 3:1 for large text (18pt or 14pt bold). Update the relevant CSS file.","","https://dequeuniversity.com/rules/axe/4.11/color-contrast?application=playwright","INS-BC44916A","/admin/config/content/formats/manage/restricted_html"
"40","DRUPAL-A11Y-040","DRU-5C776A57","admin-accent-dark_purple::dark::desktop | admin-accent-green::dark::desktop | admin-accent-light_blue::dark::desktop | admin-accent-neutral::dark::desktop | admin-accent-orange::dark::desktop | admin-accent-pink::dark::desktop | admin-accent-purple::dark::desktop | admin-accent-red::dark::desktop | admin-accent-teal::dark::desktop | admin-accent-yellow::dark::desktop","serious","WCAG failure","1.4.3","AA","Contrast (Minimum)","Accessibility, wcag143","color-contrast","1","0%","no","color-contrast: Ensure the contrast between foreground and background colors meets WCAG 2 AA min",".toolbar-button--icon--form-style-form > .toolbar-button__label[data-toolbar-text=""""]","toolbar (admin theme)","See likely_template above","","","Check foreground/background color combinations. Ensure ratio ≥ 4.5:1 for normal text, ≥ 3:1 for large text (18pt or 14pt bold). Update the relevant CSS file.","","https://dequeuniversity.com/rules/axe/4.11/color-contrast?application=playwright","INS-F201A5C3","/admin/form_style"
"41","DRUPAL-A11Y-041","DRU-593DE53E","admin-accent-dark_purple::dark::desktop | admin-accent-green::dark::desktop | admin-accent-light_blue::dark::desktop | admin-accent-neutral::dark::desktop | admin-accent-orange::dark::desktop | admin-accent-pink::dark::desktop | admin-accent-purple::dark::desktop | admin-accent-red::dark::desktop | admin-accent-teal::dark::desktop | admin-accent-yellow::dark::desktop","serious","WCAG failure","1.4.3","AA","Contrast (Minimum)","Accessibility, wcag143","color-contrast","1","0%","no","color-contrast: Ensure the contrast between foreground and background colors meets WCAG 2 AA min",".toolbar-button--icon--system-modules-list > .toolbar-button__label[data-toolbar-text=""""]","toolbar (admin theme)","See likely_template above","","","Check foreground/background color combinations. Ensure ratio ≥ 4.5:1 for normal text, ≥ 3:1 for large text (18pt or 14pt bold). Update the relevant CSS file.","","https://dequeuniversity.com/rules/axe/4.11/color-contrast?application=playwright","INS-8B00DF90","/admin/modules"
"42","DRUPAL-A11Y-042","DRU-F30C5DE6","admin-accent-dark_purple::dark::desktop | admin-accent-green::dark::desktop | admin-accent-light_blue::dark::desktop | admin-accent-neutral::dark::desktop | admin-accent-orange::dark::desktop | admin-accent-pink::dark::desktop | admin-accent-purple::dark::desktop | admin-accent-red::dark::desktop | admin-accent-teal::dark::desktop | admin-accent-yellow::dark::desktop","serious","WCAG failure","1.4.3","AA","Contrast (Minimum)","Accessibility, wcag143","color-contrast","1","0%","no","color-contrast: Ensure the contrast between foreground and background colors meets WCAG 2 AA min",".toolbar-button--icon--entity-user-collection > .toolbar-button__label[data-toolbar-text=""""]","toolbar (admin theme)","See likely_template above","","","Check foreground/background color combinations. Ensure ratio ≥ 4.5:1 for normal text, ≥ 3:1 for large text (18pt or 14pt bold). Update the relevant CSS file.","","https://dequeuniversity.com/rules/axe/4.11/color-contrast?application=playwright","INS-EFE0CA03","/admin/people"
"43","DRUPAL-A11Y-043","DRU-8A39EE9E","admin-accent-dark_purple::dark::desktop | admin-accent-green::dark::desktop | admin-accent-light_blue::dark::desktop | admin-accent-neutral::dark::desktop | admin-accent-orange::dark::desktop | admin-accent-pink::dark::desktop | admin-accent-purple::dark::desktop | admin-accent-red::dark::desktop | admin-accent-teal::dark::desktop | admin-accent-yellow::dark::desktop","serious","WCAG failure","1.4.3","AA","Contrast (Minimum)","Accessibility, wcag143","color-contrast","1","0%","no","color-contrast: Ensure the contrast between foreground and background colors meets WCAG 2 AA min",".toolbar-button--icon--system-admin-reports > .toolbar-button__label[data-toolbar-text=""""]","toolbar (admin theme)","See likely_template above","","","Check foreground/background color combinations. Ensure ratio ≥ 4.5:1 for normal text, ≥ 3:1 for large text (18pt or 14pt bold). Update the relevant CSS file.","","https://dequeuniversity.com/rules/axe/4.11/color-contrast?application=playwright","INS-BB1C1DBE","/admin/reports"
"44","DRUPAL-A11Y-044","DRU-83A30AC0","admin-accent-yellow::light::desktop","serious","WCAG failure","1.4.3","AA","Contrast (Minimum)","Accessibility, wcag143","color-contrast","1","0%","no","color-contrast: Ensure the contrast between foreground and background colors meets WCAG 2 AA min","#edit-save-continue","unknown","See likely_template above","","","Check foreground/background color combinations. Ensure ratio ≥ 4.5:1 for normal text, ≥ 3:1 for large text (18pt or 14pt bold). Update the relevant CSS file.","","https://dequeuniversity.com/rules/axe/4.11/color-contrast?application=playwright","INS-FDE3BFF7","/admin/structure/types/add"
"45","DRUPAL-A11Y-045","DRU-5F4C262C","admin::light::mobile","serious","WCAG failure","1.4.3","AA","Contrast (Minimum)","Accessibility, wcag143","color-contrast","1","0%","no","color-contrast: Ensure the contrast between foreground and background colors meets WCAG 2 AA min","summary[aria-controls=""edit-submission""] > .gin-details__summary-summary","unknown","See likely_template above","","","Check foreground/background color combinations. Ensure ratio ≥ 4.5:1 for normal text, ≥ 3:1 for large text (18pt or 14pt bold). Update the relevant CSS file.","","https://dequeuniversity.com/rules/axe/4.11/color-contrast?application=playwright","INS-3BAA4A64","/admin/structure/types/add"
"46","DRUPAL-A11Y-046","DRU-39203797","admin::light::mobile","serious","WCAG failure","1.4.3","AA","Contrast (Minimum)","Accessibility, wcag143","color-contrast","1","0%","no","color-contrast: Ensure the contrast between foreground and background colors meets WCAG 2 AA min","summary[aria-controls=""edit-workflow""] > .gin-details__summary-summary","unknown","See likely_template above","","","Check foreground/background color combinations. Ensure ratio ≥ 4.5:1 for normal text, ≥ 3:1 for large text (18pt or 14pt bold). Update the relevant CSS file.","","https://dequeuniversity.com/rules/axe/4.11/color-contrast?application=playwright","INS-F21DC83A","/admin/structure/types/add"
"47","DRUPAL-A11Y-047","DRU-2E1DDC9D","admin::light::mobile","serious","WCAG failure","1.4.3","AA","Contrast (Minimum)","Accessibility, wcag143","color-contrast","1","0%","no","color-contrast: Ensure the contrast between foreground and background colors meets WCAG 2 AA min","summary[aria-controls=""edit-language""] > .gin-details__summary-summary","unknown","See likely_template above","","","Check foreground/background color combinations. Ensure ratio ≥ 4.5:1 for normal text, ≥ 3:1 for large text (18pt or 14pt bold). Update the relevant CSS file.","","https://dequeuniversity.com/rules/axe/4.11/color-contrast?application=playwright","INS-90B50CDE","/admin/structure/types/add"
"48","DRUPAL-A11Y-048","DRU-92165602","admin::light::mobile","serious","WCAG failure","1.4.3","AA","Contrast (Minimum)","Accessibility, wcag143","color-contrast","1","0%","no","color-contrast: Ensure the contrast between foreground and background colors meets WCAG 2 AA min","summary[aria-controls=""edit-display""] > .gin-details__summary-summary","unknown","See likely_template above","","","Check foreground/background color combinations. Ensure ratio ≥ 4.5:1 for normal text, ≥ 3:1 for large text (18pt or 14pt bold). Update the relevant CSS file.","","https://dequeuniversity.com/rules/axe/4.11/color-contrast?application=playwright","INS-F7856501","/admin/structure/types/add"
"49","DRUPAL-A11Y-049","DRU-DA7603D7","admin-accent-dark_purple::dark::desktop | admin-accent-green::dark::desktop | admin-accent-light_blue::dark::desktop | admin-accent-neutral::dark::desktop | admin-accent-orange::dark::desktop | admin-accent-pink::dark::desktop | admin-accent-purple::dark::desktop | admin-accent-red::dark::desktop | admin-accent-teal::dark::desktop | admin-accent-yellow::dark::desktop","serious","WCAG failure","1.4.3","AA","Contrast (Minimum)","Accessibility, wcag143","color-contrast","2","0%","no","color-contrast: Ensure the contrast between foreground and background colors meets WCAG 2 AA min","#edit-danger--N","unknown","See likely_template above","","","Check foreground/background color combinations. Ensure ratio ≥ 4.5:1 for normal text, ≥ 3:1 for large text (18pt or 14pt bold). Update the relevant CSS file.","","https://dequeuniversity.com/rules/axe/4.11/color-contrast?application=playwright","INS-7DC70FE7; INS-92F03543","/buttons; /buttons"
"50","DRUPAL-A11Y-050","DRU-C309868C","admin-accent-dark_purple::dark::desktop | admin-accent-green::dark::desktop | admin-accent-light_blue::dark::desktop | admin-accent-neutral::dark::desktop | admin-accent-orange::dark::desktop | admin-accent-pink::dark::desktop | admin-accent-purple::dark::desktop | admin-accent-red::dark::desktop | admin-accent-teal::dark::desktop | admin-accent-yellow::dark::desktop","serious","WCAG failure","1.4.3","AA","Contrast (Minimum)","Accessibility, wcag143","color-contrast","1","0%","no","color-contrast: Ensure the contrast between foreground and background colors meets WCAG 2 AA min","#edit-checkbox-hidden-label-disabled-value--description","unknown","See likely_template above","","","Check foreground/background color combinations. Ensure ratio ≥ 4.5:1 for normal text, ≥ 3:1 for large text (18pt or 14pt bold). Update the relevant CSS file.","","https://dequeuniversity.com/rules/axe/4.11/color-contrast?application=playwright","INS-AD06E5EC","/contact/checkbox_radio"
"51","DRUPAL-A11Y-051","DRU-F4FDF091","admin-accent-dark_purple::dark::desktop | admin-accent-green::dark::desktop | admin-accent-light_blue::dark::desktop | admin-accent-neutral::dark::desktop | admin-accent-orange::dark::desktop | admin-accent-pink::dark::desktop | admin-accent-purple::dark::desktop | admin-accent-red::dark::desktop | admin-accent-teal::dark::desktop | admin-accent-yellow::dark::desktop","serious","WCAG failure","1.4.3","AA","Contrast (Minimum)","Accessibility, wcag143","color-contrast","1","0%","no","color-contrast: Ensure the contrast between foreground and background colors meets WCAG 2 AA min","#edit-checkbox-disabled-value--description","unknown","See likely_template above","","","Check foreground/background color combinations. Ensure ratio ≥ 4.5:1 for normal text, ≥ 3:1 for large text (18pt or 14pt bold). Update the relevant CSS file.","","https://dequeuniversity.com/rules/axe/4.11/color-contrast?application=playwright","INS-7F2CFEDA","/contact/checkbox_radio"
"52","DRUPAL-A11Y-052","DRU-21AECF5A","admin-accent-dark_purple::dark::desktop | admin-accent-green::dark::desktop | admin-accent-light_blue::dark::desktop | admin-accent-neutral::dark::desktop | admin-accent-orange::dark::desktop | admin-accent-pink::dark::desktop | admin-accent-purple::dark::desktop | admin-accent-red::dark::desktop | admin-accent-teal::dark::desktop | admin-accent-yellow::dark::desktop","serious","WCAG failure","1.4.3","AA","Contrast (Minimum)","Accessibility, wcag143","color-contrast","2","0%","no","color-contrast: Ensure the contrast between foreground and background colors meets WCAG 2 AA min","#edit-multitext-unlimited-disabled--description","unknown","See likely_template above","","","Check foreground/background color combinations. Ensure ratio ≥ 4.5:1 for normal text, ≥ 3:1 for large text (18pt or 14pt bold). Update the relevant CSS file.","","https://dequeuniversity.com/rules/axe/4.11/color-contrast?application=playwright","INS-52216A4F; INS-304F7A3A","/contact/field_cardinality_test; /contact/field_cardinality_test"
"53","DRUPAL-A11Y-053","DRU-8A9D517F","admin-accent-dark_purple::dark::desktop | admin-accent-green::dark::desktop | admin-accent-light_blue::dark::desktop | admin-accent-neutral::dark::desktop | admin-accent-orange::dark::desktop | admin-accent-pink::dark::desktop | admin-accent-purple::dark::desktop | admin-accent-red::dark::desktop | admin-accent-teal::dark::desktop | admin-accent-yellow::dark::desktop","serious","WCAG failure","1.4.3","AA","Contrast (Minimum)","Accessibility, wcag143","color-contrast","2","0%","no","color-contrast: Ensure the contrast between foreground and background colors meets WCAG 2 AA min","#edit-multitext-unlimited-required-dis--description","unknown","See likely_template above","","","Check foreground/background color combinations. Ensure ratio ≥ 4.5:1 for normal text, ≥ 3:1 for large text (18pt or 14pt bold). Update the relevant CSS file.","","https://dequeuniversity.com/rules/axe/4.11/color-contrast?application=playwright","INS-4B69812A; INS-0071DD6E","/contact/field_cardinality_test; /contact/field_cardinality_test"
"54","DRUPAL-A11Y-054","DRU-0460FE2F","admin-accent-dark_purple::dark::desktop | admin-accent-green::dark::desktop | admin-accent-light_blue::dark::desktop | admin-accent-neutral::dark::desktop | admin-accent-orange::dark::desktop | admin-accent-pink::dark::desktop | admin-accent-purple::dark::desktop | admin-accent-red::dark::desktop | admin-accent-teal::dark::desktop | admin-accent-yellow::dark::desktop","serious","WCAG failure","1.4.3","AA","Contrast (Minimum)","Accessibility, wcag143","color-contrast","6","0%","YES","color-contrast: Ensure the contrast between foreground and background colors meets WCAG 2 AA min","#edit-imagefile-file-dis-N--description","unknown","See likely_template above","","","Check foreground/background color combinations. Ensure ratio ≥ 4.5:1 for normal text, ≥ 3:1 for large text (18pt or 14pt bold). Update the relevant CSS file.","","https://dequeuniversity.com/rules/axe/4.11/color-contrast?application=playwright","INS-83046A5E; INS-781AAF83; INS-E5115C38; INS-F5CCEC76; INS-6BFFEB30; INS-5F57CDB9","/contact/imagefile_file; /contact/imagefile_file; /contact/imagefile_file; /contact/imagefile_file; /contact/imagefile_file; /contact/imagefile_image"
"55","DRUPAL-A11Y-055","DRU-B1649AF3","admin-accent-dark_purple::dark::desktop | admin-accent-green::dark::desktop | admin-accent-light_blue::dark::desktop | admin-accent-neutral::dark::desktop | admin-accent-orange::dark::desktop | admin-accent-pink::dark::desktop | admin-accent-purple::dark::desktop | admin-accent-red::dark::desktop | admin-accent-teal::dark::desktop | admin-accent-yellow::dark::desktop","serious","WCAG failure","1.4.3","AA","Contrast (Minimum)","Accessibility, wcag143","color-contrast","3","0%","YES","color-contrast: Ensure the contrast between foreground and background colors meets WCAG 2 AA min","#edit-imagefile-file-req-N > .form-managed-file__main > .file.file--mime-text-plain.file--text > .file__size","unknown","See likely_template above","","","Check foreground/background color combinations. Ensure ratio ≥ 4.5:1 for normal text, ≥ 3:1 for large text (18pt or 14pt bold). Update the relevant CSS file.","","https://dequeuniversity.com/rules/axe/4.11/color-contrast?application=playwright","INS-74894675; INS-774C7035; INS-6F6FA2BB","/contact/imagefile_file; /contact/imagefile_file; /contact/imagefile_file"
"56","DRUPAL-A11Y-056","DRU-313AC57D","admin-accent-dark_purple::dark::desktop | admin-accent-green::dark::desktop | admin-accent-light_blue::dark::desktop | admin-accent-neutral::dark::desktop | admin-accent-orange::dark::desktop | admin-accent-pink::dark::desktop | admin-accent-purple::dark::desktop | admin-accent-red::dark::desktop | admin-accent-teal::dark::desktop | admin-accent-yellow::dark::desktop","serious","WCAG failure","1.4.3","AA","Contrast (Minimum)","Accessibility, wcag143","color-contrast","1","0%","no","color-contrast: Ensure the contrast between foreground and background colors meets WCAG 2 AA min","#edit-imagefile-file-req-dis-N-description--description","unknown","See likely_template above","","","Check foreground/background color combinations. Ensure ratio ≥ 4.5:1 for normal text, ≥ 3:1 for large text (18pt or 14pt bold). Update the relevant CSS file.","","https://dequeuniversity.com/rules/axe/4.11/color-contrast?application=playwright","INS-EB57BAEF","/contact/imagefile_file"
"57","DRUPAL-A11Y-057","DRU-CD3435B9","admin-accent-dark_purple::dark::desktop | admin-accent-green::dark::desktop | admin-accent-light_blue::dark::desktop | admin-accent-neutral::dark::desktop | admin-accent-orange::dark::desktop | admin-accent-pink::dark::desktop | admin-accent-purple::dark::desktop | admin-accent-red::dark::desktop | admin-accent-teal::dark::desktop | admin-accent-yellow::dark::desktop","serious","WCAG failure","1.4.3","AA","Contrast (Minimum)","Accessibility, wcag143","color-contrast","4","0%","YES","color-contrast: Ensure the contrast between foreground and background colors meets WCAG 2 AA min","#edit-imagefile-file-req-dis-N--description > em","unknown","See likely_template above","","","Check foreground/background color combinations. Ensure ratio ≥ 4.5:1 for normal text, ≥ 3:1 for large text (18pt or 14pt bold). Update the relevant CSS file.","","https://dequeuniversity.com/rules/axe/4.11/color-contrast?application=playwright","INS-A7F55A99; INS-B8203DA3; INS-C36861CB; INS-F0AFA040","/contact/imagefile_file; /contact/imagefile_file; /contact/imagefile_image; /contact/imagefile_image"
"58","DRUPAL-A11Y-058","DRU-B863238B","admin-accent-dark_purple::dark::desktop | admin-accent-green::dark::desktop | admin-accent-light_blue::dark::desktop | admin-accent-neutral::dark::desktop | admin-accent-orange::dark::desktop | admin-accent-pink::dark::desktop | admin-accent-purple::dark::desktop | admin-accent-red::dark::desktop | admin-accent-teal::dark::desktop | admin-accent-yellow::dark::desktop","serious","WCAG failure","1.4.3","AA","Contrast (Minimum)","Accessibility, wcag143","color-contrast","1","0%","no","color-contrast: Ensure the contrast between foreground and background colors meets WCAG 2 AA min","#edit-imagefile-file-plain-dis-N > .form-managed-file__main > .file.file--mime-text-plain.file--text > .file__size","unknown","See likely_template above","","","Check foreground/background color combinations. Ensure ratio ≥ 4.5:1 for normal text, ≥ 3:1 for large text (18pt or 14pt bold). Update the relevant CSS file.","","https://dequeuniversity.com/rules/axe/4.11/color-contrast?application=playwright","INS-19CD0F8F","/contact/imagefile_file"
"59","DRUPAL-A11Y-059","DRU-9A5E66BD","admin-accent-dark_purple::dark::desktop | admin-accent-green::dark::desktop | admin-accent-light_blue::dark::desktop | admin-accent-neutral::dark::desktop | admin-accent-orange::dark::desktop | admin-accent-pink::dark::desktop | admin-accent-purple::dark::desktop | admin-accent-red::dark::desktop | admin-accent-teal::dark::desktop | admin-accent-yellow::dark::desktop","serious","WCAG failure","1.4.3","AA","Contrast (Minimum)","Accessibility, wcag143","color-contrast","4","0%","YES","color-contrast: Ensure the contrast between foreground and background colors meets WCAG 2 AA min","#edit-imagefile-file-multi-dis > .gin-details__wrapper.details-wrapper > .gin-details__description.is-disabled","unknown","See likely_template above","","","Check foreground/background color combinations. Ensure ratio ≥ 4.5:1 for normal text, ≥ 3:1 for large text (18pt or 14pt bold). Update the relevant CSS file.","","https://dequeuniversity.com/rules/axe/4.11/color-contrast?application=playwright","INS-CB97C3FA; INS-BEB161C4; INS-67421360; INS-C9078B1D","/contact/imagefile_file; /contact/imagefile_file; /contact/imagefile_file; /contact/imagefile_image"
"60","DRUPAL-A11Y-060","DRU-232E0E39","admin-accent-dark_purple::dark::desktop | admin-accent-green::dark::desktop | admin-accent-light_blue::dark::desktop | admin-accent-neutral::dark::desktop | admin-accent-orange::dark::desktop | admin-accent-pink::dark::desktop | admin-accent-purple::dark::desktop | admin-accent-red::dark::desktop | admin-accent-teal::dark::desktop | admin-accent-yellow::dark::desktop","serious","WCAG failure","1.4.3","AA","Contrast (Minimum)","Accessibility, wcag143","color-contrast","2","0%","no","color-contrast: Ensure the contrast between foreground and background colors meets WCAG 2 AA min","#edit-imagefile-file-limited-dis > .gin-details__wrapper.details-wrapper > .gin-details__description.is-disabled > em","unknown","See likely_template above","","","Check foreground/background color combinations. Ensure ratio ≥ 4.5:1 for normal text, ≥ 3:1 for large text (18pt or 14pt bold). Update the relevant CSS file.","","https://dequeuniversity.com/rules/axe/4.11/color-contrast?application=playwright","INS-9E662893; INS-C1102271","/contact/imagefile_file; /contact/imagefile_image"
"61","DRUPAL-A11Y-061","DRU-D6DB45E2","admin-accent-dark_purple::dark::desktop | admin-accent-green::dark::desktop | admin-accent-light_blue::dark::desktop | admin-accent-neutral::dark::desktop | admin-accent-orange::dark::desktop | admin-accent-pink::dark::desktop | admin-accent-purple::dark::desktop | admin-accent-red::dark::desktop | admin-accent-teal::dark::desktop | admin-accent-yellow::dark::desktop","serious","WCAG failure","1.4.3","AA","Contrast (Minimum)","Accessibility, wcag143","color-contrast","1","0%","no","color-contrast: Ensure the contrast between foreground and background colors meets WCAG 2 AA min","#edit-imagefile-file-limited-dis-N > .form-managed-file__main > .file.file--mime-text-plain.file--text > .menu-item__link[type=""text/plain""]","menu.html.twig","See likely_template above","","","Check foreground/background color combinations. Ensure ratio ≥ 4.5:1 for normal text, ≥ 3:1 for large text (18pt or 14pt bold). Update the relevant CSS file.","","https://dequeuniversity.com/rules/axe/4.11/color-contrast?application=playwright","INS-8B030A1D","/contact/imagefile_file"
"62","DRUPAL-A11Y-062","DRU-F92CBCC7","admin-accent-dark_purple::dark::desktop | admin-accent-green::dark::desktop | admin-accent-light_blue::dark::desktop | admin-accent-neutral::dark::desktop | admin-accent-orange::dark::desktop | admin-accent-pink::dark::desktop | admin-accent-purple::dark::desktop | admin-accent-red::dark::desktop | admin-accent-teal::dark::desktop | admin-accent-yellow::dark::desktop","serious","WCAG failure","1.4.3","AA","Contrast (Minimum)","Accessibility, wcag143","color-contrast","2","0%","no","color-contrast: Ensure the contrast between foreground and background colors meets WCAG 2 AA min",".js-form-item-imagefile-image-req-N > .is-single.has-meta.no-upload > .form-managed-file__main > .file.file--mime-image-png.file--image > .file__size","form-element.html.twig","See likely_template above","","","Check foreground/background color combinations. Ensure ratio ≥ 4.5:1 for normal text, ≥ 3:1 for large text (18pt or 14pt bold). Update the relevant CSS file.","","https://dequeuniversity.com/rules/axe/4.11/color-contrast?application=playwright","INS-BF0B27CE; INS-C2446ADB","/contact/imagefile_image; /contact/imagefile_image"
"63","DRUPAL-A11Y-063","DRU-6C4DFB1F","admin-accent-dark_purple::dark::desktop | admin-accent-green::dark::desktop | admin-accent-light_blue::dark::desktop | admin-accent-neutral::dark::desktop | admin-accent-orange::dark::desktop | admin-accent-pink::dark::desktop | admin-accent-purple::dark::desktop | admin-accent-red::dark::desktop | admin-accent-teal::dark::desktop | admin-accent-yellow::dark::desktop","serious","WCAG failure","1.4.3","AA","Contrast (Minimum)","Accessibility, wcag143","color-contrast","3","0%","YES","color-contrast: Ensure the contrast between foreground and background colors meets WCAG 2 AA min","#edit-imagefile-image-req-dis-N-alt--description","unknown","See likely_template above","","","Check foreground/background color combinations. Ensure ratio ≥ 4.5:1 for normal text, ≥ 3:1 for large text (18pt or 14pt bold). Update the relevant CSS file.","","https://dequeuniversity.com/rules/axe/4.11/color-contrast?application=playwright","INS-6400455A; INS-9BB4EC56; INS-DA50C430","/contact/imagefile_image; /contact/imagefile_image; /contact/imagefile_image"
"64","DRUPAL-A11Y-064","DRU-5E5C0D86","admin-accent-dark_purple::dark::desktop | admin-accent-green::dark::desktop | admin-accent-light_blue::dark::desktop | admin-accent-neutral::dark::desktop | admin-accent-orange::dark::desktop | admin-accent-pink::dark::desktop | admin-accent-purple::dark::desktop | admin-accent-red::dark::desktop | admin-accent-teal::dark::desktop | admin-accent-yellow::dark::desktop","serious","WCAG failure","1.4.3","AA","Contrast (Minimum)","Accessibility, wcag143","color-contrast","2","0%","no","color-contrast: Ensure the contrast between foreground and background colors meets WCAG 2 AA min",".js-form-item-imagefile-image-plain-N > .is-single.no-upload.has-value > .form-managed-file__main > .file.file--mime-image-png.file--image > .file__size","form-element.html.twig","See likely_template above","","","Check foreground/background color combinations. Ensure ratio ≥ 4.5:1 for normal text, ≥ 3:1 for large text (18pt or 14pt bold). Update the relevant CSS file.","","https://dequeuniversity.com/rules/axe/4.11/color-contrast?application=playwright","INS-DEDF73B5; INS-4537462D","/contact/imagefile_image; /contact/imagefile_image"
"65","DRUPAL-A11Y-065","DRU-01429747","admin-accent-dark_purple::dark::desktop | admin-accent-green::dark::desktop | admin-accent-light_blue::dark::desktop | admin-accent-neutral::dark::desktop | admin-accent-orange::dark::desktop | admin-accent-pink::dark::desktop | admin-accent-purple::dark::desktop | admin-accent-red::dark::desktop | admin-accent-teal::dark::desktop | admin-accent-yellow::dark::desktop","serious","WCAG failure","1.4.3","AA","Contrast (Minimum)","Accessibility, wcag143","color-contrast","3","0%","YES","color-contrast: Ensure the contrast between foreground and background colors meets WCAG 2 AA min","#edit-imagefile-image-plain-dis-N--description","unknown","See likely_template above","","","Check foreground/background color combinations. Ensure ratio ≥ 4.5:1 for normal text, ≥ 3:1 for large text (18pt or 14pt bold). Update the relevant CSS file.","","https://dequeuniversity.com/rules/axe/4.11/color-contrast?application=playwright","INS-5746D4F5; INS-D0AAC97D; INS-A046CF75","/contact/imagefile_image; /contact/imagefile_image; /contact/imagefile_image"
"66","DRUPAL-A11Y-066","DRU-DB7EDA96","admin-accent-dark_purple::dark::desktop | admin-accent-green::dark::desktop | admin-accent-light_blue::dark::desktop | admin-accent-neutral::dark::desktop | admin-accent-orange::dark::desktop | admin-accent-pink::dark::desktop | admin-accent-purple::dark::desktop | admin-accent-red::dark::desktop | admin-accent-teal::dark::desktop | admin-accent-yellow::dark::desktop","serious","WCAG failure","1.4.3","AA","Contrast (Minimum)","Accessibility, wcag143","color-contrast","2","0%","no","color-contrast: Ensure the contrast between foreground and background colors meets WCAG 2 AA min","#edit-imagefile-image-multi-dis > .gin-details__wrapper.details-wrapper > .gin-details__description.is-disabled > em","unknown","See likely_template above","","","Check foreground/background color combinations. Ensure ratio ≥ 4.5:1 for normal text, ≥ 3:1 for large text (18pt or 14pt bold). Update the relevant CSS file.","","https://dequeuniversity.com/rules/axe/4.11/color-contrast?application=playwright","INS-6A0CA6ED; INS-6915D506","/contact/imagefile_image; /contact/imagefile_image"
"67","DRUPAL-A11Y-067","DRU-7BEBE47D","admin-accent-dark_purple::dark::desktop | admin-accent-green::dark::desktop | admin-accent-light_blue::dark::desktop | admin-accent-neutral::dark::desktop | admin-accent-orange::dark::desktop | admin-accent-pink::dark::desktop | admin-accent-purple::dark::desktop | admin-accent-red::dark::desktop | admin-accent-teal::dark::desktop | admin-accent-yellow::dark::desktop","serious","WCAG failure","1.4.3","AA","Contrast (Minimum)","Accessibility, wcag143","color-contrast","1","0%","no","color-contrast: Ensure the contrast between foreground and background colors meets WCAG 2 AA min","#edit-imagefile-image-multi-def-dis > .gin-details__wrapper.details-wrapper > .gin-details__description.is-disabled","unknown","See likely_template above","","","Check foreground/background color combinations. Ensure ratio ≥ 4.5:1 for normal text, ≥ 3:1 for large text (18pt or 14pt bold). Update the relevant CSS file.","","https://dequeuniversity.com/rules/axe/4.11/color-contrast?application=playwright","INS-40E92D5B","/contact/imagefile_image"
"68","DRUPAL-A11Y-068","DRU-E2BB2305","admin-accent-dark_purple::dark::desktop | admin-accent-green::dark::desktop | admin-accent-light_blue::dark::desktop | admin-accent-neutral::dark::desktop | admin-accent-orange::dark::desktop | admin-accent-pink::dark::desktop | admin-accent-purple::dark::desktop | admin-accent-red::dark::desktop | admin-accent-teal::dark::desktop | admin-accent-yellow::dark::desktop","serious","WCAG failure","1.4.3","AA","Contrast (Minimum)","Accessibility, wcag143","color-contrast","1","0%","no","color-contrast: Ensure the contrast between foreground and background colors meets WCAG 2 AA min","#edit-imagefile-image-multi-def-dis-N--description","unknown","See likely_template above","","","Check foreground/background color combinations. Ensure ratio ≥ 4.5:1 for normal text, ≥ 3:1 for large text (18pt or 14pt bold). Update the relevant CSS file.","","https://dequeuniversity.com/rules/axe/4.11/color-contrast?application=playwright","INS-8B523DB7","/contact/imagefile_image"
"69","DRUPAL-A11Y-069","DRU-397BCC7E","admin-accent-dark_purple::dark::desktop | admin-accent-green::dark::desktop | admin-accent-light_blue::dark::desktop | admin-accent-neutral::dark::desktop | admin-accent-orange::dark::desktop | admin-accent-pink::dark::desktop | admin-accent-purple::dark::desktop | admin-accent-red::dark::desktop | admin-accent-teal::dark::desktop | admin-accent-yellow::dark::desktop","serious","WCAG failure","1.4.3","AA","Contrast (Minimum)","Accessibility, wcag143","color-contrast","1","0%","no","color-contrast: Ensure the contrast between foreground and background colors meets WCAG 2 AA min","#edit-imagefile-image-limited-dis > .gin-details__wrapper.details-wrapper > .gin-details__description.is-disabled","unknown","See likely_template above","","","Check foreground/background color combinations. Ensure ratio ≥ 4.5:1 for normal text, ≥ 3:1 for large text (18pt or 14pt bold). Update the relevant CSS file.","","https://dequeuniversity.com/rules/axe/4.11/color-contrast?application=playwright","INS-78D488C9","/contact/imagefile_image"
"70","DRUPAL-A11Y-070","DRU-D3A5FBE6","admin-accent-dark_purple::dark::desktop | admin-accent-green::dark::desktop | admin-accent-light_blue::dark::desktop | admin-accent-neutral::dark::desktop | admin-accent-orange::dark::desktop | admin-accent-pink::dark::desktop | admin-accent-purple::dark::desktop | admin-accent-red::dark::desktop | admin-accent-teal::dark::desktop | admin-accent-yellow::dark::desktop","serious","WCAG failure","1.4.3","AA","Contrast (Minimum)","Accessibility, wcag143","color-contrast","2","0%","no","color-contrast: Ensure the contrast between foreground and background colors meets WCAG 2 AA min","#edit-imagefile-image-limited-dis-table > tbody > .odd.draggable[data-once=""claroTabledrag""] > .tabledrag-cell > .tabledrag-cell-content.js-tabledrag-cell-content > .tabledrag-cell-content__item > .has-meta.is-multiple.no-upload > .form-managed-file__main > .file.file--mime-image-png.file--image > .menu-item__link[type=""image/png""]","menu.html.twig","See likely_template above","","","Check foreground/background color combinations. Ensure ratio ≥ 4.5:1 for normal text, ≥ 3:1 for large text (18pt or 14pt bold). Update the relevant CSS file.","","https://dequeuniversity.com/rules/axe/4.11/color-contrast?application=playwright","INS-177A583C; INS-BBE3AAEB","/contact/imagefile_image; /contact/imagefile_image"
"71","DRUPAL-A11Y-071","DRU-46B445F5","admin-accent-dark_purple::dark::desktop | admin-accent-green::dark::desktop | admin-accent-light_blue::dark::desktop | admin-accent-neutral::dark::desktop | admin-accent-orange::dark::desktop | admin-accent-pink::dark::desktop | admin-accent-purple::dark::desktop | admin-accent-red::dark::desktop | admin-accent-teal::dark::desktop | admin-accent-yellow::dark::desktop","serious","WCAG failure","1.4.3","AA","Contrast (Minimum)","Accessibility, wcag143","color-contrast","1","0%","no","color-contrast: Ensure the contrast between foreground and background colors meets WCAG 2 AA min","input[value=""Single input""]","unknown","See likely_template above","","","Check foreground/background color combinations. Ensure ratio ≥ 4.5:1 for normal text, ≥ 3:1 for large text (18pt or 14pt bold). Update the relevant CSS file.","","https://dequeuniversity.com/rules/axe/4.11/color-contrast?application=playwright","INS-7E0107C0","/dropbutton"
"72","DRUPAL-A11Y-072","DRU-C5A32380","admin-accent-dark_purple::dark::desktop | admin-accent-green::dark::desktop | admin-accent-light_blue::dark::desktop | admin-accent-neutral::dark::desktop | admin-accent-orange::dark::desktop | admin-accent-pink::dark::desktop | admin-accent-purple::dark::desktop | admin-accent-red::dark::desktop | admin-accent-teal::dark::desktop | admin-accent-yellow::dark::desktop","serious","WCAG failure","1.4.3","AA","Contrast (Minimum)","Accessibility, wcag143","color-contrast","1","0%","no","color-contrast: Ensure the contrast between foreground and background colors meets WCAG 2 AA min","input[value=""Multiple inputs""]","unknown","See likely_template above","","","Check foreground/background color combinations. Ensure ratio ≥ 4.5:1 for normal text, ≥ 3:1 for large text (18pt or 14pt bold). Update the relevant CSS file.","","https://dequeuniversity.com/rules/axe/4.11/color-contrast?application=playwright","INS-9B12400D","/dropbutton"
"73","DRUPAL-A11Y-073","DRU-57A3E114","admin-accent-dark_purple::dark::desktop | admin-accent-green::dark::desktop | admin-accent-light_blue::dark::desktop | admin-accent-neutral::dark::desktop | admin-accent-orange::dark::desktop | admin-accent-pink::dark::desktop | admin-accent-purple::dark::desktop | admin-accent-red::dark::desktop | admin-accent-teal::dark::desktop | admin-accent-yellow::dark::desktop | admin-dark::dark::desktop","serious","WCAG failure","1.4.3","AA","Contrast (Minimum)","Accessibility, wcag143","color-contrast","1","0%","no","color-contrast: Ensure the contrast between foreground and background colors meets WCAG 2 AA min",".toolbar-button--icon--shortcuts > .toolbar-button__label[data-toolbar-text=""""]","toolbar (admin theme)","See likely_template above","","","Check foreground/background color combinations. Ensure ratio ≥ 4.5:1 for normal text, ≥ 3:1 for large text (18pt or 14pt bold). Update the relevant CSS file.","","https://dequeuniversity.com/rules/axe/4.11/color-contrast?application=playwright","INS-1026E203","/tabs"
"74","DRUPAL-A11Y-074","DRU-546CD707","admin::light::desktop | admin::light::mobile | admin::light::mobile-landscape | admin::light::tablet | claro::light::desktop | claro::light::mobile | claro::light::mobile-landscape | claro::light::tablet","serious","Best practice (Deque/axe)","","","","Accessibility","label-title-only","4","0%","YES","label-title-only: Ensure that every form element has a visible label and is not solely labeled usi","#edit-checkbox-hidden-label-value","unknown","See likely_template above","","","Replace title-only labels with aria-label or a visible/visually-hidden <label> element.","","https://dequeuniversity.com/rules/axe/4.11/label-title-only?application=playwright","INS-F6C861B6; INS-B4627DC9; INS-4F90EA44; INS-E95FF9C0","/contact/checkbox_radio; /contact/checkbox_radio; /contact/checkbox_radio; /contact/checkbox_radio"
"75","DRUPAL-A11Y-075","DRU-9696BA88","admin::light::desktop | admin::light::mobile | admin::light::mobile-landscape | admin::light::tablet | claro::light::desktop | claro::light::mobile | claro::light::mobile-landscape | claro::light::tablet","serious","Best practice (Deque/axe)","","","","Accessibility","label-title-only","4","0%","YES","label-title-only: Ensure that every form element has a visible label and is not solely labeled usi","#edit-checkbox-hidden-label-disabled-value","unknown","See likely_template above","","","Replace title-only labels with aria-label or a visible/visually-hidden <label> element.","","https://dequeuniversity.com/rules/axe/4.11/label-title-only?application=playwright","INS-E665AD32; INS-95732264; INS-00DDD2B6; INS-1CB38A36","/contact/checkbox_radio; /contact/checkbox_radio; /contact/checkbox_radio; /contact/checkbox_radio"
"76","DRUPAL-A11Y-076","DRU-D8FCA413","admin-dark::dark::desktop | admin-dark::dark::mobile | admin-dark::dark::mobile-landscape | admin-dark::dark::tablet | admin::light::desktop | admin::light::mobile | admin::light::mobile-landscape | admin::light::tablet","moderate","Best practice (Deque/axe)","","","","Accessibility","region","108","8%","YES","Local task tab headings (#primary-tabs-title) are outside any landmark region","#primary-tabs-title","unknown","core/themes/claro/templates/menu-local-tasks.html.twig     core/themes/olivero/templates/navigation/menu-local-tasks.html.twig","The <h2> heading is inside the <nav> it labels, or the <nav> itself is inside a landmark","<h2 id=""primary-tabs-title""> is a sibling of <nav>, and the nav may be outside main/aside/etc.","Move the heading inside the <nav> it labels:  {# Before #} <h2 id=""primary-tabs-title"" class=""visually-hidden"">{{ 'Primary tabs'|t }}</h2> <nav class=""tabs-wrapper"" aria-labelledby=""primary-tabs-title"">…</nav>  {# After — h2 moves inside nav #} <nav class=""tabs-wrapper"" aria-labelledby=""primary-tabs-title"">   <h2 id=""primary-tabs-title"" class=""visually-hidden"">{{ 'Primary tabs'|t }}</h2>   … </nav>","https://www.drupal.org/project/drupal/issues/3318396","https://dequeuniversity.com/rules/axe/4.11/region?application=playwright","INS-B57BA048; INS-64DAB861; INS-7C4ECF9A; INS-77E73DFA; INS-0CEAA7E5; INS-D365F8D8; INS-9DE0DE1F; INS-4D46CB5A; INS-AD67BC06; INS-76134119; INS-266B4171; INS-E801B818; INS-CF3A3147; INS-11A3A2B1; INS-0ED7584D; INS-EA207539; INS-D54AFCD9; INS-82AE2746; INS-688F2BFA; INS-CE01B6CA; INS-730561CB; INS-F717AC93; INS-CD0BF54C; INS-97722B50; INS-D4377534; INS-FEFDA2D7; INS-F717EBB5; INS-630748A0; INS-A42B925C; INS-ED1BF4E7; INS-FA94085D; INS-012B6059; INS-733B1078; INS-2006BEC6; INS-26A9D6E9; INS-5276BA81; INS-DA039B6D; INS-6A5B2690; INS-80B289D0; INS-D0D78524; INS-E4149477; INS-7034BF8F; INS-202B6424; INS-6BD09A82; INS-49476331; INS-3FA02227; INS-BA7181E5; INS-072A3145; INS-B71C2136; INS-D62E3F2C; INS-352A38FE; INS-FA89120C; INS-FE14D9D0; INS-E1EE601D; INS-8F2E6F4B; INS-570254A6; INS-86995EE4; INS-C1853C63; INS-537B0CC7; INS-D9A9D733; INS-A28D10A7; INS-4C2710FE; INS-16683573; INS-61CFA519; INS-D9CAB081; INS-329153C6; INS-466E28F7; INS-3BF23532; INS-AADE4701; INS-1A6266CB; INS-FCAA79EB; INS-F9379863; INS-DCEC8401; INS-DF516354; INS-269E96E5; INS-F26BD436; INS-8AEE45A1; INS-B36D3C2D; INS-2E821A5B; INS-180E448F; INS-B0FEF76E; INS-C51151AE; INS-AF97AD65; INS-ADAFFDA0; INS-EF2CC113; INS-5BFE8910; INS-F9D7BFA4; INS-3A7BDCF8; INS-A0CCA8E5; INS-266BEE80; INS-2D263D4D; INS-223795B0; INS-4CCD7F30; INS-6A7D17F7; INS-F306FAF0; INS-0F4A7346; INS-570D68D0; INS-A8EDBE5D; INS-06391A61; INS-44EEF002; INS-A87DF88C; INS-44732944; INS-28CA37BF; INS-345CE6F6; INS-242757E5; INS-D7F45578; INS-85AB893C; INS-3EB51932","/admin/appearance; /admin/appearance; /admin/appearance; /admin/appearance; /admin/content; /admin/content; /admin/content; /admin/content; /admin/modules; /admin/modules; /admin/modules; /admin/modules; /admin/people; /admin/people; /admin/people; /admin/people; /admin/structure/types/manage/test_type/display/default; /admin/structure/types/manage/test_type/display/default; /admin/structure/types/manage/test_type/display/default; /admin/structure/types/manage/test_type/display/default; /admin/structure/types; /admin/structure/types; /admin/structure/types; /admin/structure/types; /admin; /admin; /admin; /admin; /buttons; /buttons; /buttons; /buttons; /contact/checkbox_radio; /contact/checkbox_radio; /contact/checkbox_radio; /contact/checkbox_radio; /contact/field_cardinality_test; /contact/field_cardinality_test; /contact/field_cardinality_test; /contact/field_cardinality_test; /contact/imagefile_file; /contact/imagefile_file; /contact/imagefile_file; /contact/imagefile_file; /contact/imagefile_image; /contact/imagefile_image; /contact/imagefile_image; /contact/imagefile_image; /contact/presuf_formatted; /contact/presuf_formatted; /contact/presuf_formatted; /contact/presuf_formatted; /contact/presuf_number; /contact/presuf_number; /contact/presuf_number; /contact/presuf_number; /contact/presuf_text; /contact/presuf_text; /contact/presuf_text; /contact/presuf_text; /contact/select; /contact/select; /contact/select; /contact/select; /contact/textarea; /contact/textarea; /contact/textarea; /contact/textarea; /contact/textform; /contact/textform; /contact/textform; /contact/textform; /dropbutton; /dropbutton; /dropbutton; /dropbutton; /message; /message; /message; /message; /progress; /progress; /progress; /progress; /tabledrag; /tabledrag; /tabledrag; /tabledrag; /tabs/format/plain_text; /tabs/format/plain_text; /tabs/format/plain_text; /tabs/format/plain_text; /tabs; /tabs; /tabs; /tabs; /admin/structure/block; /admin/structure/block; /admin/structure/block; /admin/structure/block; /admin/structure/types/manage/test_type/display/default; /admin/structure/types/manage/test_type/display/default; /admin/structure/types/manage/test_type/display/default; /admin/structure/types/manage/test_type/display/default; /tabs; /tabs; /tabs; /tabs"
"77","DRUPAL-A11Y-077","DRU-6488726D","admin::light::desktop | admin::light::mobile | admin::light::mobile-landscape | admin::light::tablet","moderate","Best practice (Deque/axe)","","","","Accessibility","region","20","1%","YES","region: Ensure all page content is contained by landmarks",".top-bar__actions","unknown","See likely_template above","","","Ensure all visible content is inside a landmark element (<main>, <nav>, <aside>, <header>, <footer>). Check page.html.twig and block placement.","","https://dequeuniversity.com/rules/axe/4.11/region?application=playwright","INS-91951104; INS-976DE620; INS-4FD02D10; INS-0C18D945; INS-09912040; INS-E4416323; INS-A557CCB0; INS-A6E729ED; INS-E6BB2021; INS-43F9F2A6; INS-88A0510B; INS-36BE1EA0; INS-5EC29ADE; INS-779FC4CA; INS-7F724F31; INS-5C060EE9; INS-D8583430; INS-D955295B; INS-5805F851; INS-CFB59AA2","/admin/config/content/formats; /admin/config/content/formats; /admin/config/content/formats; /admin/config/content/formats; /admin/content; /admin/content; /admin/content; /admin/content; /admin/people; /admin/people; /admin/people; /admin/people; /admin/structure/taxonomy; /admin/structure/taxonomy; /admin/structure/taxonomy; /admin/structure/taxonomy; /admin/structure/types; /admin/structure/types; /admin/structure/types; /admin/structure/types"
"78","DRUPAL-A11Y-078","DRU-EE349DA0","admin::light::desktop | admin::light::mobile | admin::light::mobile-landscape | admin::light::tablet","moderate","Best practice (Deque/axe)","","","","Accessibility","region","4","0%","YES","region: Ensure all page content is contained by landmarks",".toolbar-title__label","toolbar (admin theme)","See likely_template above","","","Ensure all visible content is inside a landmark element (<main>, <nav>, <aside>, <header>, <footer>). Check page.html.twig and block placement.","","https://dequeuniversity.com/rules/axe/4.11/region?application=playwright","INS-F3511025; INS-725071C4; INS-ADBF9E01; INS-B76964D5","/user/[id]/edit; /user/[id]/edit; /user/[id]/edit; /user/[id]/edit"
"79","DRUPAL-A11Y-079","DRU-1D23B830","claro::light::desktop | claro::light::mobile | claro::light::mobile-landscape | claro::light::tablet","minor","Best practice (Deque/axe)","","","","Accessibility","empty-table-header","4","0%","YES","empty-table-header: Ensure table headers have discernible text","#edit-table-empty > thead > tr > .select-all","unknown","See likely_template above","","","See axe documentation.","","https://dequeuniversity.com/rules/axe/4.11/empty-table-header?application=playwright","INS-18F20817; INS-AE9385D3; INS-3C7A0BE8; INS-FD083698","/table; /table; /table; /table"